year,month,hou,1000hPa_rhum,925hPa_rhum,850hPa_rhum
2000,1,1,80.0125148773193,73.7500152587891,64.1125148773193
2000,1,2,84.6125152587891,75.7625152587891,71.5375152587891
2000,1,3,89.4125152587891,78.1875152587891,70.0750144958496
2000,1,4,78.8000143051147,78.1250150680542,80.6000152587891
2000,1,5,83.5000152587891,85.5000152587891,80.1250152587891
2000,1,6,59.7395955721537,69.5000146230062,77.8854319254557
2000,2,1,75.4875146865845,79.7375152587891,74.5500144958496
2000,2,2,69.5000141143799,71.8125150680542,73.8875148773193
2000,2,3,82.5000152587891,74.4500152587891,72.0000144958496
2000,2,4,87.9750152587891,88.1250152587891,81.1375152587891
2000,2,5,96.3375152587891,92.8500152587891,87.1625152587891
2000,2,6,84.2500150203705,87.0468902587891,87.0000152587891
2000,3,1,96.0750152587891,88.5875152587891,72.3375123977661
2000,3,2,88.7500152587891,79.0125152587891,71.1125148773193
2000,3,3,93.3125152587891,83.7000152587891,73.3625152587891
2000,3,4,89.4750152587891,81.6750152587891,82.4375152587891
2000,3,5,77.4625150680542,73.6125152587891,78.9750152587891
2000,3,6,66.5937628746033,60.6979290644328,53.9062596956889
2000,4,1,88.5250152587891,76.7375152587891,77.4250152587891
2000,4,2,92.4250152587891,88.2750152587891,82.2875152587891
2000,4,3,90.0125152587891,77.4375150680542,75.1500144958496
2000,4,4,78.1125146865845,75.2750148773193,73.5875135421753
2000,4,5,91.0375152587891,70.7875152587891,69.3625148773193
2000,4,6,92.6375152587891,74.7625152587891,72.2250152587891
2000,5,1,89.4375152587891,71.5375152587891,70.1750152587891
2000,5,2,90.8500152587891,78.7375152587891,80.8125152587891
2000,5,3,92.4250152587891,85.6625152587891,81.7875152587891
2000,5,4,91.7875152587891,84.4125152587891,85.2000152587891
2000,5,5,90.7500152587891,81.6375152587891,81.2500152587891
2000,5,6,90.8750152587891,70.5000152587891,70.2916819254557
2000,6,1,88.6250152587891,72.2375152587891,66.3875148773193
2000,6,2,88.3625152587891,67.8625152587891,63.7500152587891
2000,6,3,88.1500152587891,77.5000152587891,77.7000152587891
2000,6,4,90.9375152587891,76.5125152587891,77.3375152587891
2000,6,5,89.6000152587891,74.3750152587891,70.4875152587891
2000,6,6,88.6250152587891,72.5500152587891,71.0750152587891
2000,7,1,87.0000152587891,67.9000152587891,65.6000152587891
2000,7,2,89.5125152587891,69.7500152587891,67.1000152587891
2000,7,3,90.3500152587891,81.8375152587891,77.4250152587891
2000,7,4,88.9375152587891,77.8125152587891,74.9750152587891
2000,7,5,89.5500152587891,75.4625152587891,74.1750152587891
2000,7,6,87.8020985921224,66.3020985921224,62.0312652587891
2000,8,1,89.6875152587891,75.7750152587891,72.6875152587891
2000,8,2,88.9875152587891,70.5500152587891,72.2125152587891
2000,8,3,87.0000152587891,68.2250152587891,63.3875152587891
2000,8,4,85.4875152587891,68.0625152587891,64.3875152587891
2000,8,5,86.4625152587891,72.2000152587891,66.6375152587891
2000,8,6,87.4375152587891,71.2395985921224,68.8229319254557
2000,9,1,89.4500152587891,74.3750152587891,75.8375152587891
2000,9,2,89.0500152587891,85.2250152587891,80.9125152587891
2000,9,3,79.3125152587891,68.0250146865845,61.7500129699707
2000,9,4,80.2625152587891,63.7625137329102,56.4500123977661
2000,9,5,91.6125152587891,76.5125152587891,75.1625152587891
2000,9,6,91.2750152587891,76.5625152587891,73.9000152587891
2000,10,1,92.0625152587891,71.7750152587891,71.2250152587891
2000,10,2,88.8875152587891,74.8625152587891,69.5625152587891
2000,10,3,91.3125152587891,92.5875152587891,87.8250152587891
2000,10,4,92.1625152587891,93.0000152587891,92.1500152587891
2000,10,5,94.5250152587891,80.8375152587891,82.6625152587891
2000,10,6,83.2812652587891,77.4791812896729,61.8645938237508
2000,11,1,68.9500150680542,55.3000114440918,23.112501335144
2000,11,2,82.8625152587891,74.0250141143799,66.1250123977661
2000,11,3,81.4625152587891,81.4625152587891,80.0000152587891
2000,11,4,77.7125148773193,81.3250150680542,78.8750137329102
2000,11,5,74.7500144958496,70.850012588501,66.7625110626221
2000,11,6,84.1500152587891,82.2375152587891,84.1375152587891
2000,12,1,78.8250152587891,80.5875152587891,77.6625152587891
2000,12,2,73.9500150680542,65.9500150680542,67.3500146865845
2000,12,3,77.7500150680542,79.6750152587891,82.8625152587891
2000,12,4,78.5125150680542,77.3375152587891,78.8500152587891
2000,12,5,62.0125129699707,51.9250101089478,49.4875095367432
2000,12,6,70.520848274231,67.7500149408976,75.0312652587891
2001,1,1,83.1250152587891,83.0625152587891,78.5625152587891
2001,1,2,82.2000152587891,75.4875152587891,77.9750152587891
2001,1,3,79.0625148773193,83.4625152587891,85.4500152587891
2001,1,4,82.0750152587891,86.2875152587891,86.7000152587891
2001,1,5,84.1250152587891,73.1375152587891,70.0000152587891
2001,1,6,82.7812646230062,82.5104319254557,84.0104319254557
2001,2,1,93.8750152587891,94.4875152587891,86.4125148773193
2001,2,2,80.5875152587891,84.3750152587891,81.2750148773193
2001,2,3,70.4250137329102,74.500013923645,71.7000137329102
2001,2,4,73.4000143051148,70.225013923645,69.3000143051147
2001,2,5,82.8125152587891,75.1500150680542,76.6875144958496
2001,2,6,95.0416819254557,95.3541819254557,82.6041819254557
2001,3,1,73.9625141143799,70.6500143051148,69.2000143051147
2001,3,2,84.7750152587891,86.5250152587891,85.6750152587891
2001,3,3,91.8375152587891,91.0875152587891,86.5500152587891
2001,3,4,85.5250152587891,78.8750152587891,74.8125152587891
2001,3,5,84.9375152587891,73.2750150680542,66.0250148773193
2001,3,6,81.8437652587891,85.2812652587891,82.0520985921224
2001,4,1,87.0500152587891,83.0500152587891,79.5750152587891
2001,4,2,83.2250152587891,70.7250141143799,61.6375118255615
2001,4,3,78.4250148773193,80.1625148773193,77.2875141143799
2001,4,4,83.5750148773193,69.5000141143799,62.9750129699707
2001,4,5,91.2250152587891,82.5250146865845,78.6125143051147
2001,4,6,89.0375152587891,75.9375152587891,68.0000152587891
2001,5,1,94.1125152587891,74.9500152587891,75.1750152587891
2001,5,2,87.0375152587891,68.2375146865845,67.8625150680542
2001,5,3,72.8625152587891,68.8000152587891,72.2000152587891
2001,5,4,90.9125152587891,83.5125152587891,83.1750152587891
2001,5,5,91.3000152587891,73.9625152587891,74.3250152587891
2001,5,6,93.5104319254557,85.8125152587891,86.1041819254557
2001,6,1,91.9375152587891,78.0375152587891,77.4375152587891
2001,6,2,88.8875152587891,72.8000152587891,69.8125152587891
2001,6,3,87.9000152587891,72.2625152587891,66.5750143051147
2001,6,4,88.4875152587891,69.7375152587891,66.4250152587891
2001,6,5,91.2125152587891,75.7875152587891,73.6000152587891
2001,6,6,90.8125152587891,82.7250152587891,80.8625152587891
2001,7,1,89.8250152587891,81.5125152587891,80.3000152587891
2001,7,2,90.4125152587891,78.0500152587891,77.2000152587891
2001,7,3,90.1250152587891,68.3125152587891,65.1250152587891
2001,7,4,89.2250152587891,78.4625152587891,75.5125152587891
2001,7,5,89.8875152587891,81.4125152587891,79.2875152587891
2001,7,6,88.9166819254557,75.1979319254557,73.9791819254557
2001,8,1,90.9125152587891,77.3625152587891,73.8625152587891
2001,8,2,87.9750152587891,73.5000152587891,69.7125152587891
2001,8,3,91.0875152587891,78.6750152587891,80.5000152587891
2001,8,4,87.3375152587891,69.2125152587891,71.5500152587891
2001,8,5,86.5500152587891,69.1250152587891,67.4000152587891
2001,8,6,91.2708485921224,88.0729319254557,86.8020985921224
2001,9,1,94.7375152587891,95.8750152587891,94.0875152587891
2001,9,2,88.5750152587891,78.6000152587891,79.1000152587891
2001,9,3,88.5000152587891,72.9375152587891,73.4375152587891
2001,9,4,87.6250152587891,61.7625152587891,62.0375152587891
2001,9,5,89.8500152587891,79.1375152587891,74.5750152587891
2001,9,6,82.9125152587891,69.3500152587891,72.7375152587891
2001,10,1,90.6250152587891,80.8875152587891,79.4000152587891
2001,10,2,90.1750152587891,80.2750152587891,80.2750152587891
2001,10,3,83.7000152587891,82.3250152587891,78.1000152587891
2001,10,4,81.4500152587891,79.7750152587891,75.7750152587891
2001,10,5,82.6250152587891,80.2500152587891,72.8375152587891
2001,10,6,87.1041819254557,84.7291819254557,80.4166819254557
2001,11,1,89.7875152587891,79.4125152587891,75.0875152587891
2001,11,2,76.5750152587891,71.5500152587891,75.8625152587891
2001,11,3,71.0000144958496,64.7250129699707,65.5125123977661
2001,11,4,60.5125129699707,47.2500085830688,27.1625020980835
2001,11,5,60.7125123977661,50.6125101089478,35.7875043869019
2001,11,6,74.5125146865845,67.2875152587891,69.7875146865845
2001,12,1,81.3000152587891,74.7250152587891,79.2250152587891
2001,12,2,86.8125152587891,92.6500152587891,91.9000152587891
2001,12,3,92.2625152587891,95.2625152587891,94.5625152587891
2001,12,4,95.3125152587891,96.6375152587891,91.8625152587891
2001,12,5,56.8125114440918,47.8375080108643,28.0750036239624
2001,12,6,63.9479300181071,63.4583458900452,70.5208481152852
2002,1,1,52.7750101089478,50.5250082015991,42.7250061035156
2002,1,2,64.1625127792358,64.2000141143799,57.1625116348267
2002,1,3,80.4375152587891,79.4875152587891,70.3125143051147
2002,1,4,81.3500152587891,74.0500152587891,66.3000133514404
2002,1,5,71.4250133514404,72.4625131607056,78.7500148773193
2002,1,6,77.9583479563395,81.4270985921224,87.9479319254557
2002,2,1,85.8750148773193,85.2750152587891,84.2625152587891
2002,2,2,86.2250152587891,80.6750152587891,85.1000152587891
2002,2,3,80.7750150680542,81.4000152587891,79.9625152587891
2002,2,4,74.7250150680542,77.6625152587891,82.0875152587891
2002,2,5,82.9000152587891,75.7125152587891,73.6500152587891
2002,2,6,80.5208485921224,67.0833485921224,70.9375152587891
2002,3,1,78.5500152587891,76.7500152587891,69.1500146865845
2002,3,2,67.3500127792358,69.3125135421753,65.6125129699707
2002,3,3,83.0125152587891,69.4125150680542,70.6375148773193
2002,3,4,86.2125152587891,87.0875152587891,77.6625144958496
2002,3,5,86.9625150680542,78.3750150680542,69.9625141143799
2002,3,6,85.7083485921224,70.9166814486186,67.1458484331767
2002,4,1,76.5250143051148,55.462512588501,49.7125082015991
2002,4,2,82.0625144958496,64.462512588501,59.3250101089478
2002,4,3,75.2125144958496,70.9000150680542,63.6125137329102
2002,4,4,80.6375148773193,69.4500141143799,65.8500141143799
2002,4,5,82.4375152587891,68.6500152587891,65.1500152587891
2002,4,6,90.4750152587891,73.8000152587891,70.1125152587891
2002,5,1,84.6250152587891,71.6125152587891,65.2500152587891
2002,5,2,91.8250152587891,74.9250152587891,75.8000152587891
2002,5,3,90.7875152587891,75.9500152587891,71.6875143051147
2002,5,4,88.0500152587891,75.0750152587891,74.5250152587891
2002,5,5,88.9250152587891,77.3875152587891,77.1750152587891
2002,5,6,87.7708485921224,74.0625152587891,72.8750152587891
2002,6,1,89.6250152587891,76.6375152587891,76.4875152587891
2002,6,2,89.8125152587891,72.9875152587891,72.9875152587891
2002,6,3,87.9875152587891,72.5375152587891,73.3875152587891
2002,6,4,87.9875152587891,70.8750152587891,69.9875152587891
2002,6,5,89.1125152587891,75.1500152587891,74.2250152587891
2002,6,6,87.0000152587891,70.9750152587891,69.0750152587891
2002,7,1,89.7000152587891,78.3375152587891,76.3375152587891
2002,7,2,88.9375152587891,69.2375152587891,66.0875150680542
2002,7,3,87.0500152587891,71.8625152587891,67.0625146865845
2002,7,4,89.0500152587891,76.7750152587891,72.9875152587891
2002,7,5,89.6500152587891,81.3500152587891,82.4000152587891
2002,7,6,91.1458485921224,86.2500152587891,85.8854319254557
2002,8,1,89.6375152587891,67.2000152587891,70.2375152587891
2002,8,2,91.9875152587891,80.7000152587891,79.3625152587891
2002,8,3,90.3875152587891,75.6125152587891,75.2375152587891
2002,8,4,91.0625152587891,83.4125152587891,78.6375152587891
2002,8,5,90.1375152587891,73.6750152587891,71.1000152587891
2002,8,6,87.7916819254557,63.5104319254557,63.5208473205566
2002,9,1,84.9625152587891,64.7375152587891,65.5250152587891
2002,9,2,85.2375152587891,68.8500152587891,66.5125152587891
2002,9,3,90.3125152587891,88.0125152587891,88.6625152587891
2002,9,4,91.0250152587891,90.0875152587891,82.5375152587891
2002,9,5,90.6000152587891,85.1250152587891,83.2625152587891
2002,9,6,93.7000152587891,91.3125152587891,87.3250152587891
2002,10,1,92.7375152587891,81.3375152587891,78.7250152587891
2002,10,2,73.4875152587891,61.3500131607056,42.3000049591064
2002,10,3,79.3750152587891,68.7500152587891,64.675013923645
2002,10,4,93.7125152587891,74.1625152587891,74.5875152587891
2002,10,5,90.2375152587891,88.3250152587891,87.4375152587891
2002,10,6,92.2083485921224,88.2916819254557,84.5520985921224
2002,11,1,71.3000143051147,65.3500127792358,51.5625087738037
2002,11,2,71.0250146865845,63.225012588501,52.0375076293945
2002,11,3,87.8125152587891,80.1125152587891,78.6000152587891
2002,11,4,83.1000152587891,84.3875152587891,80.4625144958496
2002,11,5,76.7375152587891,78.1250152587891,83.2000152587891
2002,11,6,86.8250150680542,88.5000152587891,87.0750152587891
2002,12,1,87.1375152587891,75.1625152587891,75.1375152587891
2002,12,2,77.2750146865845,70.0750146865845,71.3375146865845
2002,12,3,82.5750152587891,78.2000144958496,67.2875122070313
2002,12,4,85.8125152587891,74.4625152587891,71.9250152587891
2002,12,5,79.8875152587891,80.5750152587891,82.6875152587891
2002,12,6,88.6562652587891,88.8125152587891,92.1041819254557
2003,1,1,86.7125152587891,87.7250152587891,87.2250152587891
2003,1,2,79.9000146865845,75.5750143051147,58.8500106811523
2003,1,3,54.9125112533569,48.7250089645386,50.6750102996826
2003,1,4,65.0000135421753,64.5125150680542,74.7125152587891
2003,1,5,74.5500148773193,68.1250148773193,77.8500152587891
2003,1,6,71.9479303359985,69.5000133514404,70.2083473205566
2003,2,1,73.7875141143799,77.8250144958496,75.7875148773193
2003,2,2,77.1375146865845,67.1125150680542,62.1750118255615
2003,2,3,86.7625152587891,85.8250152587891,80.2250148773193
2003,2,4,91.6250152587891,81.1375152587891,70.3375148773193
2003,2,5,85.2250152587891,68.7125152587891,63.1750144958496
2003,2,6,83.4583485921224,74.6041819254557,60.2083470026652
2003,3,1,72.9125137329102,56.6000101089478,46.6500076293945
2003,3,2,66.6625131607056,68.6250127792358,78.3625146865845
2003,3,3,83.5750152587891,80.0750152587891,74.7375152587891
2003,3,4,85.5500152587891,75.4625135421753,73.800013923645
2003,3,5,92.1750152587891,93.6250152587891,89.1750152587891
2003,3,6,88.9375152587891,76.3750152587891,74.1458485921224
2003,4,1,72.1750144958496,61.7500123977661,59.4375112533569
2003,4,2,91.5875152587891,81.2875152587891,74.3000152587891
2003,4,3,76.2750146865845,65.262513923645,58.4625118255615
2003,4,4,80.9750152587891,67.0625146865845,61.5750137329102
2003,4,5,82.6500152587891,68.8625152587891,65.4000152587891
2003,4,6,80.8000152587891,71.1000152587891,66.9500143051147
2003,5,1,82.9250152587891,68.8875148773193,67.0500141143799
2003,5,2,85.3375150680542,66.2875143051147,64.125012588501
2003,5,3,90.5625152587891,72.1250152587891,69.4250152587891
2003,5,4,91.1125152587891,75.2875152587891,75.4875152587891
2003,5,5,91.8625152587891,71.3500152587891,73.8875152587891
2003,5,6,91.4062652587891,79.7500152587891,78.0729319254557
2003,6,1,86.7125152587891,68.5000152587891,66.1500152587891
2003,6,2,86.3250152587891,69.6250152587891,66.3250152587891
2003,6,3,89.3875152587891,76.3375152587891,75.5125152587891
2003,6,4,86.4250152587891,69.3125152587891,65.2625152587891
2003,6,5,87.5250152587891,74.7875152587891,68.0375152587891
2003,6,6,88.2250152587891,75.0875152587891,69.9500152587891
2003,7,1,86.7500152587891,64.9250152587891,63.4875152587891
2003,7,2,89.1625152587891,64.3625152587891,62.8125152587891
2003,7,3,87.1000152587891,68.1500152587891,65.6625152587891
2003,7,4,86.7750152587891,60.6375152587891,56.8750152587891
2003,7,5,89.7125152587891,79.9875152587891,78.7125152587891
2003,7,6,88.0312652587891,66.7395985921224,64.9375152587891
2003,8,1,85.7625152587891,63.5125152587891,64.3000152587891
2003,8,2,89.8500152587891,73.0875152587891,72.4625152587891
2003,8,3,88.7500152587891,74.3125152587891,78.0875152587891
2003,8,4,91.6500152587891,79.0375152587891,79.3500152587891
2003,8,5,89.9000152587891,82.3375152587891,81.4500152587891
2003,8,6,87.5000152587891,74.6145985921224,70.7083485921224
2003,9,1,89.7000152587891,76.7625152587891,74.8375152587891
2003,9,2,92.2000152587891,87.2500152587891,83.9625152587891
2003,9,3,90.1375152587891,79.0500152587891,75.1250152587891
2003,9,4,89.4000152587891,70.7125152587891,71.1875152587891
2003,9,5,87.7375152587891,79.5250152587891,74.9250152587891
2003,9,6,88.3625152587891,73.3375152587891,69.7500152587891
2003,10,1,86.0250152587891,74.1125152587891,66.5125150680542
2003,10,2,84.4500152587891,75.0125152587891,71.5375152587891
2003,10,3,88.0500152587891,75.5750152587891,76.0500152587891
2003,10,4,73.2500152587891,61.1875133514404,60.900012588501
2003,10,5,71.7375148773193,60.7625152587891,65.2000150680542
2003,10,6,74.8645985921224,69.3750150998433,69.1250150998433
2003,11,1,72.3500146865845,63.6750152587891,58.5125127792358
2003,11,2,81.1250152587891,75.9250150680542,67.9750131607056
2003,11,3,70.6875144958496,69.5250141143799,75.1000143051147
2003,11,4,85.6625152587891,81.4000152587891,82.6875152587891
2003,11,5,73.0875150680542,70.8500152587891,70.9000152587891
2003,11,6,70.2250144958496,68.2625152587891,63.2875137329102
2003,12,1,68.9125144958496,68.2250146865845,66.5000135421753
2003,12,2,77.7125148773193,82.8000152587891,88.4875152587891
2003,12,3,60.187512588501,56.2375102996826,59.8125116348267
2003,12,4,56.2125114440918,54.9250120162964,55.9500106811523
2003,12,5,61.3125122070312,61.4250118255615,59.6625116348267
2003,12,6,65.083346525828,63.750011920929,72.3854316075643
2004,1,1,75.0625144958496,68.9000152587891,72.7750152587891
2004,1,2,77.8250152587891,77.1875152587891,80.4500152587891
2004,1,3,75.0875144958496,77.4125148773193,83.0250152587891
2004,1,4,90.1000152587891,87.6500152587891,86.8125152587891
2004,1,5,59.6750118255615,64.8125118255615,69.0375135421753
2004,1,6,81.1666814486186,85.0208485921224,81.5000152587891
2004,2,1,90.1750152587891,87.2750152587891,86.7000152587891
2004,2,2,85.6000150680542,82.6625146865845,70.9250120162964
2004,2,3,60.9375120162964,59.8125118255615,59.8500112533569
2004,2,4,78.3875152587891,74.8375150680542,63.8500122070312
2004,2,5,80.1750150680542,73.3625141143799,75.8125148773193
2004,2,6,82.6250152587891,74.9218897819519,74.5781390666962
2004,3,1,68.3250129699707,63.525012588501,61.5625122070312
2004,3,2,59.6875120162964,53.4625106811523,51.3625087738037
2004,3,3,82.3500152587891,76.2875146865845,66.9750114440918
2004,3,4,83.0000152587891,79.3000152587891,71.2000150680542
2004,3,5,87.8500152587891,87.4750152587891,85.5000152587891
2004,3,6,91.4375152587891,90.4375152587891,73.5937650998433
2004,4,1,86.0500152587891,78.1875152587891,74.2625152587891
2004,4,2,90.7125152587891,88.1750152587891,82.7000152587891
2004,4,3,92.9125152587891,68.8375150680542,67.5875148773193
2004,4,4,85.1875152587891,71.3625150680542,70.2875141143799
2004,4,5,80.1750152587891,64.0125152587891,60.8250150680542
2004,4,6,84.6000152587891,70.6500152587891,66.1875152587891
2004,5,1,81.6875152587891,69.6000143051147,70.0375150680542
2004,5,2,89.2000152587891,74.4125150680542,69.1875131607056
2004,5,3,92.2750152587891,72.8625152587891,71.3375152587891
2004,5,4,91.1875152587891,82.0000148773193,80.5375152587891
2004,5,5,75.3125150680542,69.1250152587891,67.6375150680542
2004,5,6,90.5000152587891,67.5104319254557,68.51043176651
2004,6,1,89.8625152587891,70.9875152587891,68.4500152587891
2004,6,2,86.2625152587891,75.1250152587891,71.8750152587891
2004,6,3,89.5625152587891,81.1625152587891,73.4500152587891
2004,6,4,89.1750152587891,75.5750152587891,76.2750152587891
2004,6,5,88.4375152587891,72.3750152587891,73.2250152587891
2004,6,6,88.3000152587891,70.7875152587891,67.3500152587891
2004,7,1,87.3500152587891,61.3000152587891,59.5500152587891
2004,7,2,88.6500152587891,70.7000152587891,65.8875152587891
2004,7,3,89.8500152587891,74.4625152587891,70.0250152587891
2004,7,4,88.9250152587891,70.7625152587891,68.9125152587891
2004,7,5,90.0750152587891,82.8875152587891,75.5000152587891
2004,7,6,90.1458485921224,76.5937652587891,74.6458485921224
2004,8,1,88.1875152587891,70.9000152587891,68.3875152587891
2004,8,2,89.4000152587891,70.6875152587891,69.5875150680542
2004,8,3,87.0250152587891,64.4250143051147,59.925012588501
2004,8,4,86.4500152587891,70.5500152587891,69.6125152587891
2004,8,5,89.2375152587891,72.0250152587891,73.6375152587891
2004,8,6,90.7395985921224,86.8333485921224,87.8020985921224
2004,9,1,88.2875152587891,77.5375152587891,77.9375152587891
2004,9,2,89.4875152587891,81.2750152587891,82.8000152587891
2004,9,3,83.3125152587891,74.4250152587891,69.1625144958496
2004,9,4,88.6250152587891,71.2500152587891,67.9750152587891
2004,9,5,89.5125152587891,69.8000152587891,70.9750152587891
2004,9,6,84.1500152587891,67.8875152587891,62.9875150680542
2004,10,1,76.1125152587891,61.6625122070312,59.5000118255615
2004,10,2,71.6125144958496,54.300012588501,45.525008392334
2004,10,3,72.9875152587891,63.8500152587891,70.5625152587891
2004,10,4,71.6125150680542,61.9250146865845,66.3500141143799
2004,10,5,67.2500143051147,59.4625146865845,69.1125150680542
2004,10,6,71.3750150998433,68.6145985921224,69.1250150998433
2004,11,1,76.8250148773193,73.2625152587891,74.2375152587891
2004,11,2,84.7125152587891,72.4500152587891,70.4000152587891
2004,11,3,87.0000152587891,80.4250152587891,77.3625152587891
2004,11,4,66.3750131607056,63.5125118255615,51.8250074386597
2004,11,5,68.9625146865845,65.5750146865845,63.2875118255615
2004,11,6,69.1500146865845,68.3625144958496,74.2750152587891
2004,12,1,62.8250137329102,59.1500133514404,51.3500095367432
2004,12,2,55.7000114440918,51.225008392334,51.3875087738037
2004,12,3,61.1750122070313,56.0375095367432,58.2000095367432
2004,12,4,75.8750146865845,67.7625152587891,65.5875141143799
2004,12,5,80.9000152587891,77.9500152587891,75.4000141143799
2004,12,6,78.6354311307271,77.8645973205566,78.2812643051147
2005,1,1,73.6875137329102,77.3875133514404,78.9000135421753
2005,1,2,74.5750146865845,80.0000152587891,85.7375152587891
2005,1,3,75.6750137329102,73.750012588501,72.8750123977661
2005,1,4,73.7625135421753,71.6750141143799,73.3500146865845
2005,1,5,79.1000150680542,74.8250146865845,72.8500150680542
2005,1,6,81.2291819254557,70.1354308128357,65.3645968437195
2005,2,1,92.3500152587891,88.9375152587891,78.4000143051148
2005,2,2,84.9500152587891,81.3750152587891,61.8000123977661
2005,2,3,85.7500152587891,83.0000152587891,78.7000152587891
2005,2,4,78.6375144958496,69.9625146865845,74.1125148773193
2005,2,5,79.6875148773193,71.8125131607056,65.8375127792358
2005,2,6,90.7916819254557,86.3541819254557,85.9583485921224
2005,3,1,74.8500133514404,78.887513923645,68.4875118255615
2005,3,2,73.6125141143799,67.6750131607056,57.4125110626221
2005,3,3,79.5375146865845,76.4125133514404,78.6875143051147
2005,3,4,86.2000152587891,88.0125152587891,84.1250152587891
2005,3,5,78.3875148773193,76.0000152587891,79.2750152587891
2005,3,6,91.5104319254557,80.4895985921224,76.3333485921224
2005,4,1,82.8000150680542,80.0125152587891,75.2125144958496
2005,4,2,76.2625146865845,60.4250129699707,57.1875120162964
2005,4,3,76.6000144958496,73.8125148773193,75.8625150680542
2005,4,4,80.8000152587891,77.1125152587891,81.3125152587891
2005,4,5,82.5750152587891,67.7125150680542,71.8375152587891
2005,4,6,86.4500150680542,67.775013923645,64.225012588501
2005,5,1,79.6125150680542,53.2875118255615,51.5625110626221
2005,5,2,87.6500152587891,72.2375152587891,69.2250152587891
2005,5,3,87.5625152587891,59.6500150680542,60.4375143051147
2005,5,4,88.1250152587891,65.1125152587891,65.0000152587891
2005,5,5,90.7750152587891,66.3625152587891,65.7125152587891
2005,5,6,91.3437652587891,72.6041816075643,73.7916819254557
2005,6,1,89.5375152587891,67.7875152587891,69.1000152587891
2005,6,2,93.0500152587891,82.0125152587891,82.2750152587891
2005,6,3,87.3250152587891,70.9625152587891,68.4125152587891
2005,6,4,88.9750152587891,69.1000152587891,69.0375152587891
2005,6,5,88.7500152587891,72.0375152587891,72.8000152587891
2005,6,6,88.2375152587891,75.1250152587891,76.9125152587891
2005,7,1,90.2875152587891,78.0625152587891,76.6250152587891
2005,7,2,88.1250152587891,67.2625152587891,66.8625152587891
2005,7,3,88.9500152587891,67.5625152587891,66.6875152587891
2005,7,4,86.3250152587891,57.9750152587891,58.8500148773193
2005,7,5,89.6625152587891,78.2375152587891,76.4000152587891
2005,7,6,87.8854319254557,82.2395985921224,76.5312652587891
2005,8,1,89.5375152587891,74.8125152587891,73.2500152587891
2005,8,2,91.0250152587891,76.3625152587891,76.8625152587891
2005,8,3,90.4500152587891,78.4375152587891,75.0250152587891
2005,8,4,91.9625152587891,83.1000152587891,83.8000152587891
2005,8,5,92.8875152587891,75.8375152587891,78.3500152587891
2005,8,6,91.7708485921224,78.8020985921224,77.9166819254557
2005,9,1,89.4000152587891,78.1250152587891,78.6875152587891
2005,9,2,90.2750152587891,70.7125152587891,74.0000152587891
2005,9,3,87.3875152587891,69.6125152587891,64.5375137329102
2005,9,4,89.6375152587891,79.0000152587891,73.7000152587891
2005,9,5,86.8750152587891,72.2125152587891,72.1875152587891
2005,9,6,90.8750152587891,82.3375152587891,81.7500152587891
2005,10,1,88.2500152587891,70.6875152587891,70.5625152587891
2005,10,2,82.7375152587891,74.5750152587891,73.4000152587891
2005,10,3,81.7375152587891,77.1125152587891,76.6750152587891
2005,10,4,80.8125152587891,76.4625152587891,74.6125152587891
2005,10,5,74.4875152587891,68.9750152587891,72.2250150680542
2005,10,6,76.82293176651,75.4687652587891,75.2291819254557
2005,11,1,86.1500152587891,87.4500152587891,81.2250152587891
2005,11,2,87.3250152587891,79.6000152587891,74.9375152587891
2005,11,3,88.8875152587891,77.6125152587891,80.0500152587891
2005,11,4,76.7250150680542,78.4500152587891,75.4250150680542
2005,11,5,67.7500144958496,60.8250141143799,60.9500123977661
2005,11,6,71.3000146865845,66.2750152587891,73.0375152587891
2005,12,1,75.8250146865845,76.4250152587891,80.1000152587891
2005,12,2,70.9125137329102,78.0125137329102,85.5500152587891
2005,12,3,59.1125118255615,60.0125114440918,74.8000144958496
2005,12,4,48.337509727478,39.7875061035156,51.5875089645386
2005,12,5,56.737509727478,57.6250091552734,50.5750072479248
2005,12,6,81.6875152587891,87.0937652587891,89.6875152587891
2006,1,1,86.0250152587891,83.3250150680542,87.0750150680542
2006,1,2,62.7125116348267,68.6125135421753,75.7875152587891
2006,1,3,79.4750150680542,73.5875148773193,61.2500120162964
2006,1,4,79.4375152587891,62.2625131607056,61.9000120162964
2006,1,5,65.2250131607056,66.6500152587891,73.5250152587891
2006,1,6,74.7083474795024,70.270846525828,72.958348274231
2006,2,1,79.1000152587891,77.1750152587891,81.9375152587891
2006,2,2,77.7125152587891,83.5625152587891,86.2125152587891
2006,2,3,76.4750150680542,71.9500152587891,66.887513923645
2006,2,4,89.7375152587891,91.5750152587891,88.6375152587891
2006,2,5,87.0750152587891,93.2375152587891,90.3875152587891
2006,2,6,91.8125152587891,90.5625152587891,89.2708485921224
2006,3,1,72.400013923645,68.2625131607056,68.0500131607056
2006,3,2,83.9625152587891,78.3125152587891,81.2375152587891
2006,3,3,84.0625152587891,85.1250152587891,84.2625152587891
2006,3,4,84.4875152587891,81.5250152587891,73.6500152587891
2006,3,5,80.1125152587891,74.4875148773193,72.3375152587891
2006,3,6,81.2604312896729,79.5520984331767,76.802098274231
2006,4,1,81.1000148773193,62.0000148773193,58.0375135421753
2006,4,2,88.4000152587891,71.3500144958496,64.2000141143799
2006,4,3,79.1375143051147,73.087512588501,70.5375108718872
2006,4,4,72.9875144958496,71.2625148773193,80.8500148773193
2006,4,5,82.1250150680542,66.1875148773193,67.2000152587891
2006,4,6,89.0625152587891,75.9375152587891,75.1750150680542
2006,5,1,90.0375152587891,66.8250150680542,67.8750150680542
2006,5,2,90.6000152587891,63.3375150680542,61.9500152587891
2006,5,3,80.9000152587891,65.9750146865845,61.5375131607056
2006,5,4,69.2375148773193,59.1875122070312,59.0625112533569
2006,5,5,94.1250152587891,79.1125152587891,78.5875152587891
2006,5,6,94.6979319254557,75.3645985921224,76.1458485921224
2006,6,1,90.6250152587891,67.5750152587891,72.0125152587891
2006,6,2,86.8250152587891,70.4250152587891,70.6000150680542
2006,6,3,90.3625152587891,66.3000150680542,71.7750152587891
2006,6,4,90.7875152587891,69.3625152587891,68.8500152587891
2006,6,5,89.2500152587891,65.0875152587891,65.7875152587891
2006,6,6,89.7375152587891,69.2875152587891,70.8500152587891
2006,7,1,91.0125152587891,86.5000152587891,80.4875152587891
2006,7,2,90.1000152587891,78.5875152587891,78.0625152587891
2006,7,3,89.7625152587891,73.7250152587891,73.7875152587891
2006,7,4,88.3875152587891,73.3375152587891,67.7875152587891
2006,7,5,87.7000152587891,65.8125152587891,64.0000152587891
2006,7,6,91.1875152587891,84.7500152587891,81.3333485921224
2006,8,1,90.9875152587891,83.6750152587891,83.6875152587891
2006,8,2,90.4625152587891,78.0875152587891,79.6625152587891
2006,8,3,89.5375152587891,78.8000152587891,74.6500152587891
2006,8,4,91.7000152587891,78.0750152587891,80.3500152587891
2006,8,5,88.8625152587891,70.1875152587891,69.4875150680542
2006,8,6,90.9479319254557,75.4583485921224,74.9270985921224
2006,9,1,88.6250152587891,62.7625152587891,59.9250152587891
2006,9,2,90.5375152587891,76.1000152587891,77.5250152587891
2006,9,3,88.7500152587891,91.4250152587891,91.3875152587891
2006,9,4,84.9750152587891,72.6875152587891,70.0750152587891
2006,9,5,85.9500152587891,76.8500152587891,72.4875144958496
2006,9,6,85.0250152587891,77.7125152587891,73.4250152587891
2006,10,1,84.4250152587891,79.8250152587891,77.7625152587891
2006,10,2,85.3375152587891,72.3125152587891,70.7625150680542
2006,10,3,86.8625152587891,68.0375152587891,70.9125152587891
2006,10,4,89.4500152587891,72.1875152587891,75.9875152587891
2006,10,5,88.8500152587891,73.3500152587891,73.7375152587891
2006,10,6,80.4166819254557,72.1458484331767,67.0625146230062
2006,11,1,62.2500135421753,48.837508392334,30.0250028610229
2006,11,2,73.2000146865845,67.8750133514404,63.0875122070313
2006,11,3,74.8000148773193,72.8125146865845,75.5625148773193
2006,11,4,92.9625152587891,80.7625152587891,77.5500152587891
2006,11,5,92.6875152587891,78.1750152587891,76.2375152587891
2006,11,6,91.4000152587891,77.5875152587891,75.2625152587891
2006,12,1,81.8500152587891,80.6875152587891,80.9125152587891
2006,12,2,81.2625152587891,80.4125152587891,78.4625152587891
2006,12,3,75.8250146865845,75.6500148773193,76.5500152587891
2006,12,4,52.3250110626221,40.4500051498413,28.1750022888184
2006,12,5,54.3125112533569,46.1250072479248,50.8000076293945
2006,12,6,64.3229295412699,58.8333452542623,60.6979292233785
2007,1,1,81.2250150680542,81.9000152587891,87.1125152587891
2007,1,2,50.7000102996826,47.300008392334,58.5250122070313
2007,1,3,78.8250150680542,84.4000152587891,83.7375152587891
2007,1,4,80.4250148773193,86.8500152587891,90.2000152587891
2007,1,5,80.1875144958496,80.8625152587891,79.4625152587891
2007,1,6,46.1458404858907,39.3645879427592,28.1458361943563
2007,2,1,51.6875089645386,38.5750047683716,33.2625043869019
2007,2,2,70.9000144958496,50.6875087738037,48.5125085830689
2007,2,3,79.8625152587891,66.500013923645,60.4125131607056
2007,2,4,86.3250152587891,69.7125148773193,61.9125133514404
2007,2,5,91.2375152587891,85.9125152587891,76.5625152587891
2007,2,6,82.2291819254557,82.5416819254557,85.5625152587891
2007,3,1,86.6125152587891,83.5000152587891,75.9250152587891
2007,3,2,89.2125152587891,94.2625152587891,89.3125152587891
2007,3,3,79.4375150680542,72.0250150680542,62.1625122070312
2007,3,4,82.9625148773193,83.8000152587891,81.8250146865845
2007,3,5,80.4625150680542,76.0000152587891,73.6000152587891
2007,3,6,80.1458485921224,69.583348274231,61.3541804949443
2007,4,1,75.6000144958496,77.4125131607056,73.2000120162964
2007,4,2,77.1875152587891,84.2750152587891,85.8000152587891
2007,4,3,75.4125152587891,75.8375152587891,79.0125152587891
2007,4,4,70.1500131607056,60.4500108718872,53.7125102996826
2007,4,5,86.7625152587891,70.6375143051147,63.2000129699707
2007,4,6,87.6875152587891,80.4750152587891,71.3375135421753
2007,5,1,79.1375144958496,70.2500150680542,62.6625120162964
2007,5,2,65.4625118255615,59.7875095367432,56.3125089645386
2007,5,3,85.9375152587891,79.6500152587891,79.7500152587891
2007,5,4,85.7500152587891,71.6625152587891,74.5375152587891
2007,5,5,82.3625152587891,66.8500152587891,67.7875150680542
2007,5,6,92.9895985921224,70.1041819254557,72.2708485921224
2007,6,1,90.2125152587891,65.1500152587891,63.2625152587891
2007,6,2,88.0125152587891,63.8500150680542,63.9875150680542
2007,6,3,92.2000152587891,74.4000152587891,72.9250152587891
2007,6,4,89.9000152587891,69.9500152587891,65.8000152587891
2007,6,5,88.0375152587891,65.5375152587891,58.5375150680542
2007,6,6,89.5000152587891,79.1500152587891,77.7625152587891
2007,7,1,90.4875152587891,85.5000152587891,80.2750152587891
2007,7,2,89.7125152587891,74.6000152587891,73.4875152587891
2007,7,3,89.4375152587891,69.1375152587891,69.1125152587891
2007,7,4,87.4000152587891,71.1000152587891,69.0125152587891
2007,7,5,87.7875152587891,56.2000123977661,56.2875143051147
2007,7,6,86.7708485921224,66.1875146230062,59.9479312896729
2007,8,1,86.7125152587891,70.4000152587891,61.8000150680542
2007,8,2,88.6875152587891,79.0500152587891,70.5000152587891
2007,8,3,89.1875152587891,72.8625152587891,69.5625143051147
2007,8,4,86.9375152587891,66.9875152587891,62.5500144958496
2007,8,5,90.4750152587891,70.7875152587891,66.9875152587891
2007,8,6,88.8541819254557,71.3229319254557,69.6875152587891
2007,9,1,90.9125152587891,76.6250152587891,75.2625152587891
2007,9,2,88.7375152587891,80.1375152587891,80.0250152587891
2007,9,3,91.2625152587891,79.2875152587891,75.0250152587891
2007,9,4,79.7625152587891,61.4125141143799,58.3625127792358
2007,9,5,85.4000152587891,82.6750152587891,84.1625152587891
2007,9,6,90.1125152587891,72.0375152587891,67.2000152587891
2007,10,1,90.0750152587891,83.0750152587891,82.6625152587891
2007,10,2,87.2875152587891,69.6625152587891,66.2375135421753
2007,10,3,82.7375152587891,79.7000152587891,77.0875152587891
2007,10,4,70.7750148773193,61.9375143051147,63.1000148773193
2007,10,5,67.787513923645,63.3375152587891,63.1375133514404
2007,10,6,74.5833481152852,71.3437652587891,69.0208474795024
2007,11,1,68.6250143051147,64.8125118255615,68.6000118255615
2007,11,2,61.3500133514404,50.2875072479248,50.3250072479248
2007,11,3,67.7250133514404,65.2500141143799,43.3875066757202
2007,11,4,69.3250144958496,68.1750146865845,70.5250144958496
2007,11,5,60.4500129699707,49.7750091552734,45.1250066757202
2007,11,6,48.4000091552734,36.5000049591064,21.2125026702881
2007,12,1,64.4250131607056,61.5125135421753,67.3500148773193
2007,12,2,69.3000135421753,61.1625133514404,57.200012588501
2007,12,3,76.6250148773193,74.0875152587891,69.3625135421753
2007,12,4,81.9000152587891,84.0125152587891,81.8250152587891
2007,12,5,81.8750152587891,81.2500152587891,78.1750150680542
2007,12,6,66.1666800181071,62.4062625567118,66.1875143051147
2008,1,1,44.737508392334,42.1750068664551,47.8500080108643
2008,1,2,71.9875144958496,68.8750152587891,55.3500106811523
2008,1,3,68.9000135421753,67.8875143051147,71.2250131607056
2008,1,4,79.3750137329102,84.9500152587891,79.2500146865845
2008,1,5,79.8125141143799,87.7750152587891,80.3375148773193
2008,1,6,95.5625152587891,96.2187652587891,88.2083485921224
2008,2,1,82.9250146865845,82.5375144958496,84.4500146865845
2008,2,2,59.7750114440918,65.5250120162964,77.4625152587891
2008,2,3,54.337509727478,61.2750099182129,75.4000146865845
2008,2,4,78.0750146865845,83.2000152587891,84.8375152587891
2008,2,5,78.1875143051147,80.3500150680542,80.0250152587891
2008,2,6,63.7656381130219,62.9531383514404,73.0468897819519
2008,3,1,44.9500068664551,39.1125047683716,30.8875017166138
2008,3,2,72.4625144958496,73.0125152587891,71.4500143051147
2008,3,3,73.9875146865845,64.550013923645,69.8250135421753
2008,3,4,77.7125152587891,74.2250152587891,73.5750152587891
2008,3,5,75.9625141143799,73.6625143051147,70.3500135421753
2008,3,6,82.5625150998433,82.3958485921224,77.4375152587891
2008,4,1,87.2375152587891,85.3875152587891,80.3125152587891
2008,4,2,73.3500143051147,64.1250141143799,58.550013923645
2008,4,3,82.7375152587891,71.1125152587891,64.8750141143799
2008,4,4,74.6625152587891,71.7875152587891,71.6875143051147
2008,4,5,77.7250148773193,73.1625152587891,79.1000152587891
2008,4,6,73.7625148773193,72.9750152587891,79.4500152587891
2008,5,1,83.2500152587891,78.6250152587891,84.0125152587891
2008,5,2,81.7000152587891,74.9000152587891,81.5000152587891
2008,5,3,64.7500137329102,62.312513923645,64.662513923645
2008,5,4,78.0750143051147,70.6250122070312,77.0250137329102
2008,5,5,86.2750152587891,76.6875152587891,78.5500152587891
2008,5,6,86.0104319254557,71.8750152587891,69.9791819254557
2008,6,1,89.2750152587891,75.4000152587891,74.5750152587891
2008,6,2,89.6625152587891,72.7500152587891,72.8625152587891
2008,6,3,91.4250152587891,76.5750152587891,75.5250152587891
2008,6,4,90.8500152587891,77.8875152587891,78.5375152587891
2008,6,5,86.6875152587891,65.0125152587891,64.7750152587891
2008,6,6,90.9125152587891,74.9250152587891,72.6500152587891
2008,7,1,89.2125152587891,72.8000152587891,68.6500152587891
2008,7,2,90.8375152587891,78.4875152587891,77.0875152587891
2008,7,3,89.2625152587891,76.4625152587891,75.3875152587891
2008,7,4,89.7000152587891,75.8000152587891,73.9875152587891
2008,7,5,85.6625152587891,66.3625150680542,61.4125152587891
2008,7,6,85.8645985921224,65.94793176651,61.4687639872233
2008,8,1,88.1750152587891,67.7875152587891,64.5500152587891
2008,8,2,92.1750152587891,90.5250152587891,90.3125152587891
2008,8,3,89.8375152587891,76.9375152587891,73.8125152587891
2008,8,4,89.1250152587891,69.3500152587891,68.3375150680542
2008,8,5,90.2250152587891,68.0625152587891,65.5375143051147
2008,8,6,89.0000152587891,66.2291819254557,64.0208485921224
2008,9,1,90.3625152587891,69.6375152587891,68.7750152587891
2008,9,2,87.9625152587891,71.0750152587891,67.3125152587891
2008,9,3,87.4125152587891,65.5125152587891,61.4875152587891
2008,9,4,85.0500152587891,67.5125152587891,63.9625150680542
2008,9,5,85.9250152587891,71.9000152587891,69.5375148773193
2008,9,6,87.3375152587891,81.1625152587891,74.2250152587891
2008,10,1,88.1750152587891,81.7625152587891,76.6500152587891
2008,10,2,82.8250152587891,75.8625152587891,66.7500146865845
2008,10,3,83.6625152587891,81.2750152587891,79.2375152587891
2008,10,4,80.1250152587891,76.4625152587891,72.6750152587891
2008,10,5,85.1625152587891,79.0375152587891,68.4250152587891
2008,10,6,83.0104319254557,80.1250152587891,74.2604319254557
2008,11,1,91.1625152587891,85.6625152587891,76.8000152587891
2008,11,2,77.2000148773193,69.275013923645,56.5625104904175
2008,11,3,62.4250131607056,58.1000122070312,39.7625061035156
2008,11,4,68.1125137329102,66.5125135421753,70.6000148773193
2008,11,5,67.862513923645,64.0250133514404,76.4250144958496
2008,11,6,50.9125101089478,35.4625040054321,22.7500019073486
2008,12,1,59.6625122070312,59.4875108718872,58.4375101089478
2008,12,2,54.1125106811523,49.350008392334,49.6000091552734
2008,12,3,55.2875102996826,53.3375114440918,65.5500133514404
2008,12,4,58.0500120162964,54.4875114440918,57.9250120162964
2008,12,5,63.4250127792358,69.1625146865845,76.4250150680542
2008,12,6,77.2083477973938,81.6562650998433,84.1354319254557
2009,1,1,60.4875118255615,62.8750120162964,62.5000127792358
2009,1,2,56.1000101089478,51.550009727478,51.475009727478
2009,1,3,37.3625053405762,27.7250020980835,21.5750003814697
2009,1,4,64.7000127792358,59.3750120162964,61.4500112533569
2009,1,5,73.4125137329102,80.0375150680542,82.9500152587891
2009,1,6,80.6145977973938,79.4479309717814,67.6666795412699
2009,2,1,74.8125144958496,68.4375146865845,71.7000146865845
2009,2,2,67.6625135421753,65.3500146865845,63.4250144958496
2009,2,3,70.8875135421753,51.100009727478,49.887509727478
2009,2,4,85.0250152587891,85.4375152587891,75.7250152587891
2009,2,5,79.9625152587891,72.5375150680542,60.9000133514404
2009,2,6,87.1041819254557,84.9791819254557,67.562513033549
2009,3,1,92.6375152587891,94.3750152587891,84.6875152587891
2009,3,2,82.8125146865845,85.1250150680542,82.8625152587891
2009,3,3,74.7750135421753,71.5875137329102,50.2125091552734
2009,3,4,83.6000152587891,81.8875152587891,54.5250114440918
2009,3,5,81.5500146865845,74.4875141143799,67.9000129699707
2009,3,6,91.4583485921224,85.3958484331767,78.4270974795024
2009,4,1,89.0375152587891,88.6000152587891,85.0625152587891
2009,4,2,83.5250152587891,85.6250152587891,88.2125152587891
2009,4,3,84.9125152587891,75.9125152587891,70.3750152587891
2009,4,4,77.912513923645,67.6500141143799,67.9500146865845
2009,4,5,82.9875150680542,76.1125152587891,79.3000152587891
2009,4,6,78.3000152587891,80.5000152587891,86.8875152587891
2009,5,1,70.4250146865845,67.0250152587891,73.1000148773193
2009,5,2,81.3625148773193,76.6375152587891,84.3375152587891
2009,5,3,85.0875152587891,69.8000152587891,74.2875152587891
2009,5,4,89.0000152587891,71.6125152587891,72.7625152587891
2009,5,5,93.5750152587891,89.3000152587891,87.7500152587891
2009,5,6,92.4270985921224,86.0416819254557,86.2395985921224
2009,6,1,87.8250152587891,72.2375148773193,64.9875122070312
2009,6,2,88.8625152587891,74.0500152587891,72.5875150680542
2009,6,3,90.0875152587891,72.2250152587891,72.4500152587891
2009,6,4,89.8750152587891,75.3125152587891,76.4750152587891
2009,6,5,89.4250152587891,66.6125152587891,66.0000152587891
2009,6,6,88.1625152587891,76.3500152587891,73.6375152587891
2009,7,1,88.7875152587891,73.8625152587891,72.1375152587891
2009,7,2,87.7250152587891,72.0250152587891,71.3875152587891
2009,7,3,89.0875152587891,73.8375152587891,73.9375152587891
2009,7,4,90.8500152587891,76.5250152587891,73.8125152587891
2009,7,5,90.5500152587891,75.6625152587891,73.7000152587891
2009,7,6,90.8333485921224,80.4687652587891,80.6875152587891
2009,8,1,88.7750152587891,72.1000152587891,68.0250152587891
2009,8,2,89.7375152587891,82.2500152587891,83.3000152587891
2009,8,3,89.9000152587891,77.3500152587891,78.2750152587891
2009,8,4,89.0625152587891,61.1875152587891,63.8375152587891
2009,8,5,86.5000152587891,60.8625152587891,60.8625152587891
2009,8,6,88.2604319254557,64.8854319254557,67.1875152587891
2009,9,1,86.4500152587891,71.7750152587891,69.4500152587891
2009,9,2,86.2125152587891,67.3875152587891,65.6750152587891
2009,9,3,91.2375152587891,81.2875152587891,83.1750152587891
2009,9,4,89.6375152587891,67.9375146865845,66.5500150680542
2009,9,5,89.8000152587891,76.5875152587891,72.5375152587891
2009,9,6,86.4875152587891,83.2000152587891,81.6125152587891
2009,10,1,83.7250152587891,67.8125133514404,60.1000106811523
2009,10,2,78.9250152587891,55.2875120162964,57.0125123977661
2009,10,3,90.8750152587891,89.5750152587891,86.6875152587891
2009,10,4,87.2500152587891,84.3625152587891,81.8000152587891
2009,10,5,80.7750152587891,74.9250152587891,80.9625152587891
2009,10,6,75.8541816075643,70.2708485921224,58.3541782697042
2009,11,1,60.937512588501,56.262509727478,48.5500091552734
2009,11,2,85.1000148773193,79.1875148773193,72.7250146865845
2009,11,3,87.2500152587891,77.2500152587891,77.0000146865845
2009,11,4,78.4125146865845,74.0375146865845,74.9625148773193
2009,11,5,66.1625133514404,60.6500122070313,57.8875120162964
2009,11,6,76.4250152587891,70.8375152587891,72.9375152587891
2009,12,1,69.8625144958496,67.7875146865845,66.3250146865845
2009,12,2,83.1125152587891,77.5500152587891,76.7750152587891
2009,12,3,84.3375152587891,79.2750152587891,79.4875148773193
2009,12,4,72.6000137329102,76.4125137329102,84.5250152587891
2009,12,5,78.7125146865845,79.2625148773193,79.5625152587891
2009,12,6,89.6354319254557,86.5000152587891,83.0520985921224
2010,1,1,92.7250152587891,89.4750152587891,79.1500148773193
2010,1,2,93.3375152587891,92.2500152587891,87.8625152587891
2010,1,3,76.1500131607056,76.1125129699707,83.1500150680542
2010,1,4,81.5625152587891,85.0750152587891,80.4875152587891
2010,1,5,96.7500152587891,96.3875152587891,91.2875152587891
2010,1,6,87.4375152587891,79.3437650998433,75.3958484331767
2010,2,1,88.7125152587891,80.3125152587891,70.6500152587891
2010,2,2,88.3875150680542,69.1125146865845,59.0250114440918
2010,2,3,88.1750150680542,85.362513923645,81.2125135421753
2010,2,4,76.787513923645,78.1375141143799,85.3500148773193
2010,2,5,81.4625143051148,70.6500120162964,61.9375112533569
2010,2,6,71.9583476384481,46.5000085830688,41.0833390553792
2010,3,1,70.3000137329102,50.5375102996826,45.7375078201294
2010,3,2,73.4250129699707,70.425012588501,62.6500110626221
2010,3,3,79.3000146865845,70.9875143051147,69.7000146865845
2010,3,4,80.5375152587891,82.5750152587891,68.9000133514404
2010,3,5,77.5250144958496,75.8000150680542,68.4500137329102
2010,3,6,72.8750136693319,72.3645971616109,72.9791809717814
2010,4,1,89.6250152587891,88.1500152587891,76.7125148773193
2010,4,2,86.2500152587891,85.0000152587891,74.7000148773193
2010,4,3,85.7375144958496,75.7750135421753,64.8500110626221
2010,4,4,92.5250152587891,86.8375152587891,81.4125152587891
2010,4,5,86.1250152587891,80.2250152587891,77.9000148773193
2010,4,6,93.7000152587891,87.6250152587891,86.5875152587891
2010,5,1,86.1750152587891,73.1875152587891,79.7000152587891
2010,5,2,91.9625152587891,72.1125148773193,70.2000148773193
2010,5,3,93.2750152587891,77.0000152587891,74.7750152587891
2010,5,4,90.6375152587891,68.6375152587891,65.2000148773193
2010,5,5,85.8625152587891,73.6250152587891,71.5750143051147
2010,5,6,92.6562652587891,75.4166819254557,76.6145985921224
2010,6,1,89.9250152587891,80.5000152587891,80.6500152587891
2010,6,2,91.3375152587891,74.8125152587891,74.5000152587891
2010,6,3,91.3875152587891,68.0875152587891,68.4000152587891
2010,6,4,88.1375152587891,60.2250152587891,62.0375152587891
2010,6,5,91.1375152587891,74.2625152587891,72.3625152587891
2010,6,6,90.7250152587891,72.5750152587891,72.3250152587891
2010,7,1,87.2750152587891,63.937513923645,63.5000144958496
2010,7,2,85.2375152587891,62.3375152587891,62.8250152587891
2010,7,3,88.6500152587891,69.0625152587891,69.2000152587891
2010,7,4,89.2000152587891,79.3125152587891,76.8000152587891
2010,7,5,91.0500152587891,81.0375152587891,79.2625152587891
2010,7,6,89.8645985921224,74.1875152587891,72.1875152587891
2010,8,1,88.8000152587891,75.2625152587891,74.5750152587891
2010,8,2,88.4000152587891,77.5000152587891,78.4000152587891
2010,8,3,90.9875152587891,78.0625152587891,78.5375152587891
2010,8,4,91.4750152587891,74.9625152587891,72.4500152587891
2010,8,5,91.3375152587891,83.3250152587891,78.8250152587891
2010,8,6,91.4895985921224,80.7083485921224,81.1145985921224
2010,9,1,86.2750152587891,72.2500152587891,72.4875152587891
2010,9,2,89.0000152587891,68.9500152587891,73.4750152587891
2010,9,3,92.1500152587891,75.7375152587891,76.2625152587891
2010,9,4,87.7875152587891,60.1625152587891,56.2750133514404
2010,9,5,93.8375152587891,74.4250152587891,73.6625152587891
2010,9,6,91.4125152587891,71.6375152587891,69.7125152587891
2010,10,1,86.9125152587891,79.9375152587891,76.3500152587891
2010,10,2,93.4000152587891,90.7500152587891,89.9375152587891
2010,10,3,92.5375152587891,78.7625152587891,77.4500152587891
2010,10,4,84.7125152587891,79.9375152587891,74.3875150680542
2010,10,5,78.7625152587891,73.5000152587891,70.1375143051147
2010,10,6,69.8020976384481,68.6666792233785,57.843760172526
2010,11,1,64.5750137329102,56.9625093460083,54.4625080108643
2010,11,2,64.675013923645,54.8000106811523,42.1875061035156
2010,11,3,69.5750143051147,66.9625133514404,61.6375108718872
2010,11,4,74.7375152587891,73.9500152587891,73.9750152587891
2010,11,5,79.3250152587891,77.7875152587891,81.1000152587891
2010,11,6,79.5250152587891,79.7625152587891,79.8625152587891
2010,12,1,70.2250146865845,67.7250144958496,54.4000110626221
2010,12,2,60.9500122070312,54.4750099182129,59.2125116348267
2010,12,3,89.2000152587891,86.6125152587891,82.0250152587891
2010,12,4,68.4000135421753,63.6125108718872,43.3000078201294
2010,12,5,77.2625148773193,73.9250152587891,80.2125152587891
2010,12,6,58.8750120798747,49.8645930290222,49.3020915985107
2011,1,1,84.0250148773193,90.5125148773193,88.8375152587891
2011,1,2,70.5125133514404,78.3750150680542,83.2750152587891
2011,1,3,71.6000137329102,78.3625144958496,82.0750152587891
2011,1,4,67.1875127792358,74.2875131607056,81.4375146865845
2011,1,5,75.5625144958496,83.2625152587891,87.3250152587891
2011,1,6,68.5312628746033,78.3854316075643,83.8958485921224
2011,2,1,68.6000137329102,73.7125150680542,73.8875144958496
2011,2,2,76.6000148773193,62.1625148773193,64.8500135421753
2011,2,3,86.8125150680542,89.5625152587891,90.2000152587891
2011,2,4,91.4500152587891,94.0625152587891,82.2625152587891
2011,2,5,87.8500152587891,90.3000152587891,71.1250135421753
2011,2,6,81.1250152587891,75.8125152587891,52.979175567627
2011,3,1,80.0250152587891,86.6625152587891,80.2250150680542
2011,3,2,85.6375150680542,87.7750152587891,83.0625148773193
2011,3,3,82.2500152587891,86.9375152587891,66.3250116348267
2011,3,4,89.0875148773193,87.5250152587891,79.5250146865845
2011,3,5,76.8000148773193,79.4625152587891,79.5125137329102
2011,3,6,57.3541781107585,59.427094300588,66.0312617619832
2011,4,1,78.0750150680542,79.2875152587891,77.5750152587891
2011,4,2,78.6500150680542,79.8125152587891,79.3875150680542
2011,4,3,77.0000150680542,76.5875152587891,69.2375144958496
2011,4,4,76.8375144958496,71.1750146865845,69.4750152587891
2011,4,5,73.7625141143799,72.4250150680542,73.7750148773193
2011,4,6,82.8250152587891,72.8250152587891,73.8625152587891
2011,5,1,83.6000152587891,74.7375152587891,73.3375148773193
2011,5,2,87.2625152587891,70.8875152587891,72.1250152587891
2011,5,3,94.9625152587891,82.1750152587891,81.6000152587891
2011,5,4,80.1625152587891,68.6125143051147,59.3875114440918
2011,5,5,88.8875152587891,79.5625152587891,82.6500152587891
2011,5,6,70.6458485921224,60.8437649408976,69.427098274231
2011,6,1,83.3625152587891,63.875013923645,67.7625150680542
2011,6,2,90.2250152587891,68.7500152587891,72.2500152587891
2011,6,3,91.3625152587891,70.3625152587891,71.4250152587891
2011,6,4,89.7000152587891,74.5125152587891,75.9000152587891
2011,6,5,90.1875152587891,84.2000152587891,86.8875152587891
2011,6,6,89.2750152587891,84.5625152587891,87.7875152587891
2011,7,1,85.6875152587891,68.3875152587891,68.2500152587891
2011,7,2,84.6875152587891,62.8500152587891,63.7000152587891
2011,7,3,90.6125152587891,78.9125152587891,82.5875152587891
2011,7,4,89.5750152587891,77.7125152587891,77.3250152587891
2011,7,5,87.7125152587891,71.1500152587891,69.7125152587891
2011,7,6,87.0312652587891,74.3854319254557,73.9687652587891
2011,8,1,89.8125152587891,81.1750152587891,80.4375152587891
2011,8,2,91.0000152587891,80.4500152587891,82.0500152587891
2011,8,3,89.6500152587891,76.4375152587891,75.2625152587891
2011,8,4,89.6250152587891,77.3625152587891,74.8000152587891
2011,8,5,89.2625152587891,68.9625152587891,72.2500152587891
2011,8,6,85.0625152587891,61.4895971616109,59.8229295412699
2011,9,1,87.2750152587891,65.2375146865845,69.2375148773193
2011,9,2,89.0250152587891,72.9625152587891,73.4750152587891
2011,9,3,91.3875152587891,83.3875152587891,82.5125152587891
2011,9,4,91.5875152587891,79.6750152587891,79.7375152587891
2011,9,5,85.2875152587891,83.3875152587891,83.3500152587891
2011,9,6,90.1375152587891,87.5250152587891,86.7125152587891
2011,10,1,94.3375152587891,93.5500152587891,92.2500152587891
2011,10,2,93.0250152587891,88.7875152587891,85.1750152587891
2011,10,3,93.0875152587891,89.5375152587891,89.5625152587891
2011,10,4,79.4250152587891,64.9250152587891,57.3250110626221
2011,10,5,81.5625152587891,77.1625152587891,64.9500116348267
2011,10,6,85.5833485921224,84.8229319254557,85.9479319254557
2011,11,1,82.3125152587891,73.8625152587891,76.6625152587891
2011,11,2,84.6875152587891,85.2375152587891,83.9625152587891
2011,11,3,73.4125152587891,71.2125152587891,57.7875104904175
2011,11,4,75.6000148773193,71.6750144958496,71.2500148773193
2011,11,5,77.9875146865845,77.2375148773193,72.9625127792358
2011,11,6,76.7250152587891,71.3625152587891,65.7750131607056
2011,12,1,70.0000141143799,66.9625129699707,47.5750080108643
2011,12,2,71.5875135421753,78.6875141143799,83.6375146865845
2011,12,3,58.6500122070313,46.0000074386597,58.2625104904175
2011,12,4,74.3625146865845,62.6875133514404,71.1625146865845
2011,12,5,56.7750114440918,52.2375102996826,57.1375106811523
2011,12,6,69.6250135103862,74.0520974795024,82.8125146230062
2012,1,1,81.3375152587891,88.5125152587891,88.7750152587891
2012,1,2,81.2250152587891,87.1125152587891,75.6750150680542
2012,1,3,88.2750150680542,92.0000152587891,90.2375152587891
2012,1,4,87.4000152587891,84.2125152587891,76.8625148773193
2012,1,5,86.4125148773193,87.1125152587891,84.2875152587891
2012,1,6,85.6145984331767,86.6666819254557,77.3854316075643
2012,2,1,91.4500152587891,93.3750152587891,86.6625152587891
2012,2,2,85.4875150680542,85.1625146865845,78.9875144958496
2012,2,3,89.3250152587891,88.8375152587891,50.6250087738037
2012,2,4,77.5250146865845,85.0875152587891,78.4875152587891
2012,2,5,83.4500152587891,75.4625141143799,60.7125118255615
2012,2,6,91.6250152587891,95.6562652587891,89.3125152587891
2012,3,1,90.6500152587891,86.9375152587891,66.5625146865845
2012,3,2,89.1000152587891,82.0500146865845,72.137513923645
2012,3,3,92.7500152587891,95.4000152587891,84.4875152587891
2012,3,4,87.3000152587891,75.3500152587891,64.8375150680542
2012,3,5,71.0375135421753,66.6250120162964,64.5750137329102
2012,3,6,70.8020976384481,72.6666812896729,72.6458484331767
2012,4,1,80.4750152587891,81.3625152587891,75.2750150680542
2012,4,2,95.9625152587891,89.2375152587891,80.0500152587891
2012,4,3,91.2750152587891,69.8000152587891,62.5250150680542
2012,4,4,93.5375152587891,71.0625152587891,65.5250152587891
2012,4,5,76.8750146865845,68.8500141143799,59.7875120162964
2012,4,6,82.3125150680542,69.3500148773193,64.3625148773193
2012,5,1,82.8125148773193,57.9375131607056,58.4625131607056
2012,5,2,90.4125152587891,66.1000152587891,68.4875152587891
2012,5,3,92.6125152587891,72.2375152587891,69.7625152587891
2012,5,4,90.6750152587891,74.8625152587891,75.7375152587891
2012,5,5,93.2125152587891,85.0500152587891,86.2875152587891
2012,5,6,94.8958485921224,88.8645985921224,87.9479319254557
2012,6,1,93.7500152587891,89.7750152587891,87.7875152587891
2012,6,2,90.8500152587891,77.0375152587891,77.1375152587891
2012,6,3,88.3750152587891,75.2375152587891,76.9000152587891
2012,6,4,90.2125152587891,80.3875152587891,81.4125152587891
2012,6,5,88.6375152587891,79.1000152587891,80.4000152587891
2012,6,6,88.3875152587891,75.4750152587891,77.5375152587891
2012,7,1,89.7375152587891,81.8125152587891,78.7250152587891
2012,7,2,90.4375152587891,75.1500152587891,76.4250152587891
2012,7,3,87.8125152587891,69.5250152587891,68.2750152587891
2012,7,4,87.9250152587891,68.3000152587891,68.0875152587891
2012,7,5,89.3500152587891,77.7500152587891,79.1625152587891
2012,7,6,90.1250152587891,82.2916819254557,83.3958485921224
2012,8,1,88.1500152587891,66.7250152587891,59.5125152587891
2012,8,2,91.9625152587891,85.1000152587891,84.5625152587891
2012,8,3,89.8250152587891,74.9625152587891,74.5375152587891
2012,8,4,88.3875152587891,77.5250152587891,78.4500152587891
2012,8,5,90.8750152587891,78.3375152587891,79.2375152587891
2012,8,6,86.2916819254557,70.0937652587891,70.4270985921224
2012,9,1,91.5625152587891,80.3375152587891,78.6500152587891
2012,9,2,89.9500152587891,75.6375152587891,74.5000152587891
2012,9,3,87.5750152587891,74.3000152587891,70.2875152587891
2012,9,4,88.4875152587891,72.3875152587891,73.0250141143799
2012,9,5,91.6625152587891,73.2000152587891,73.8375152587891
2012,9,6,83.9625152587891,73.7875148773193,71.125013923645
2012,10,1,82.3125152587891,75.4625152587891,66.2000137329102
2012,10,2,84.3000152587891,78.8625152587891,76.9375152587891
2012,10,3,74.7875152587891,70.7625152587891,59.5125114440918
2012,10,4,81.5250152587891,80.0375152587891,72.5375135421753
2012,10,5,81.2500152587891,78.3125152587891,66.1750150680542
2012,10,6,87.2708485921224,85.6770981152852,81.4583476384481
2012,11,1,79.9250148773193,73.1500144958496,68.2625131607056
2012,11,2,89.4625152587891,81.7625152587891,78.3000152587891
2012,11,3,85.0375152587891,84.1000152587891,81.4625152587891
2012,11,4,89.4500152587891,89.0250152587891,80.7375152587891
2012,11,5,93.8625152587891,85.3500152587891,82.7625152587891
2012,11,6,93.8375152587891,90.6000152587891,85.7500152587891
2012,12,1,93.2500152587891,91.2125152587891,85.0625152587891
2012,12,2,79.9625152587891,72.6375152587891,77.8250152587891
2012,12,3,86.0625152587891,82.5625152587891,75.8000152587891
2012,12,4,88.7750152587891,85.3000152587891,77.5000146865845
2012,12,5,78.8500148773193,76.7000141143799,69.4625144958496
2012,12,6,76.9583468437195,77.7395963668823,71.8020970026652
2013,1,1,77.6000144958496,83.9750144958496,83.1625152587891
2013,1,2,75.8250141143799,81.3875152587891,79.8500152587891
2013,1,3,76.6875148773193,78.2625150680542,71.350012588501
2013,1,4,81.7000152587891,85.1875152587891,84.3125152587891
2013,1,5,78.6125152587891,80.2000152587891,76.7750146865845
2013,1,6,84.0208485921224,84.3229319254557,81.2083484331767
2013,2,1,82.2500150680542,80.2250152587891,67.2375148773193
2013,2,2,83.2875152587891,81.4125152587891,72.6125141143799
2013,2,3,87.5375152587891,90.8625152587891,80.3125150680542
2013,2,4,84.7000152587891,85.9750150680542,71.3750137329102
2013,2,5,82.1500150680542,88.7875152587891,85.1500152587891
2013,2,6,83.2291819254557,77.5000152587891,68.020848274231
2013,3,1,66.6625129699707,64.8750118255615,66.4875123977661
2013,3,2,68.2375135421753,57.1375122070312,63.5750137329102
2013,3,3,82.6375152587891,80.5250150680542,76.0625148773193
2013,3,4,83.5875152587891,73.6000148773193,63.9750135421753
2013,3,5,91.6625152587891,75.8250152587891,56.762512588501
2013,3,6,96.3645985921224,88.1041819254557,76.19793176651
2013,4,1,88.3250146865845,75.1000135421753,69.0250123977661
2013,4,2,81.5375150680542,86.6625152587891,78.7500148773193
2013,4,3,83.1375150680542,85.6125152587891,84.0375152587891
2013,4,4,82.8250152587891,71.3875152587891,69.6000152587891
2013,4,5,90.1250152587891,78.0000152587891,74.7500152587891
2013,4,6,94.2875152587891,81.5250152587891,81.5500152587891
2013,5,1,95.8375152587891,92.3375152587891,88.6000152587891
2013,5,2,93.4625152587891,73.7750152587891,74.5750152587891
2013,5,3,89.8875152587891,68.5500152587891,67.3375150680542
2013,5,4,90.6125152587891,64.9250152587891,63.5500152587891
2013,5,5,91.0750152587891,73.1875152587891,71.7875152587891
2013,5,6,87.6562652587891,65.1770985921224,66.4166819254557
2013,6,1,90.4750152587891,68.7625152587891,71.0125152587891
2013,6,2,89.4125152587891,71.4750152587891,71.9250152587891
2013,6,3,85.1750152587891,80.5625152587891,73.2500135421753
2013,6,4,90.5500152587891,72.1000152587891,77.6625152587891
2013,6,5,91.3000152587891,86.3625152587891,87.2125152587891
2013,6,6,88.2250152587891,70.7500152587891,71.9125152587891
2013,7,1,90.5625152587891,70.5875152587891,69.9625152587891
2013,7,2,90.3000152587891,78.3375152587891,72.8375152587891
2013,7,3,89.0625152587891,69.8125152587891,71.4000152587891
2013,7,4,90.9875152587891,75.9875152587891,74.2625152587891
2013,7,5,90.5250152587891,81.9000152587891,78.2375152587891
2013,7,6,89.7916819254557,84.9687652587891,82.8125152587891
2013,8,1,89.9500152587891,78.5500152587891,77.3750152587891
2013,8,2,89.0000152587891,75.6250152587891,73.3375152587891
2013,8,3,87.3250152587891,69.1125152587891,71.1750152587891
2013,8,4,91.1000152587891,85.0000152587891,85.8250152587891
2013,8,5,91.7250152587891,76.8250152587891,76.6250152587891
2013,8,6,88.6354319254557,68.5833485921224,69.3020985921224
2013,9,1,92.5000152587891,80.3000152587891,79.8000152587891
2013,9,2,91.5750152587891,77.1500152587891,73.6625152587891
2013,9,3,90.4750152587891,72.9875152587891,75.0750152587891
2013,9,4,87.5375152587891,77.4125152587891,72.0125152587891
2013,9,5,88.7125152587891,74.7375152587891,74.8500143051147
2013,9,6,89.3875152587891,87.3125152587891,78.3750152587891
2013,10,1,86.9375152587891,72.1750152587891,64.7875141143799
2013,10,2,78.6375152587891,70.8750152587891,71.8875131607056
2013,10,3,83.3250152587891,68.2625152587891,67.5500152587891
2013,10,4,84.4625152587891,83.3125152587891,82.5250152587891
2013,10,5,73.4375148773193,63.787512588501,63.0750104904175
2013,10,6,72.4270976384481,66.3229308128357,59.291677792867
2013,11,1,77.8250152587891,77.9000152587891,80.6750152587891
2013,11,2,82.4375152587891,86.3750152587891,86.0875152587891
2013,11,3,92.5250152587891,88.5125152587891,86.2750152587891
2013,11,4,73.6375150680542,62.250012588501,65.2625129699707
2013,11,5,77.3375146865845,70.8875137329102,72.6625141143799
2013,11,6,69.8125137329102,64.2750118255615,62.1250106811523
2013,12,1,57.9750118255615,49.162509727478,39.1875047683716
2013,12,2,66.2625141143799,62.725013923645,63.7250129699707
2013,12,3,90.9500152587891,94.4500152587891,95.6000152587891
2013,12,4,81.7125152587891,81.7875152587891,62.6875104904175
2013,12,5,58.6125122070313,49.8625085830688,54.875009727478
2013,12,6,49.9895930290222,43.1875063578288,51.5520944595337
2014,1,1,64.2500133514404,56.9375106811523,50.2000101089478
2014,1,2,81.3875152587891,82.3875152587891,77.4750143051147
2014,1,3,73.7750141143799,72.6750135421753,67.8000122070312
2014,1,4,56.0875108718872,55.7000108718872,57.8125118255615
2014,1,5,54.7750099182129,50.6750082015991,34.337505531311
2014,1,6,70.5000147819519,67.8020984331767,74.0312649408976
2014,2,1,79.7500152587891,67.6250150680542,58.2500118255615
2014,2,2,86.9625152587891,81.8375152587891,75.9125152587891
2014,2,3,77.6000141143799,81.8000148773193,86.7750152587891
2014,2,4,83.6250144958496,79.900013923645,67.2375118255615
2014,2,5,88.6125152587891,84.1750152587891,81.9125152587891
2014,2,6,84.5833485921224,74.4791819254557,75.6666816075643
2014,3,1,90.1125152587891,82.1500152587891,74.4125152587891
2014,3,2,95.9375152587891,93.5125152587891,89.2000152587891
2014,3,3,88.8125152587891,88.6125152587891,84.1750152587891
2014,3,4,84.4875152587891,83.8625152587891,57.1875106811523
2014,3,5,85.4500152587891,90.3625152587891,90.1250152587891
2014,3,6,81.5625152587891,70.8020985921224,60.7187633514404
2014,4,1,90.7500152587891,88.2250152587891,82.6250152587891
2014,4,2,94.9000152587891,81.6000152587891,80.0000152587891
2014,4,3,84.5125152587891,78.8250152587891,79.1125152587891
2014,4,4,86.0000152587891,79.6625152587891,75.5000152587891
2014,4,5,91.1375152587891,80.4125152587891,72.2375152587891
2014,4,6,92.6875152587891,85.0625152587891,84.6750152587891
2014,5,1,94.7750152587891,90.5875152587891,87.5875152587891
2014,5,2,91.7500152587891,79.8000152587891,76.9625150680542
2014,5,3,87.7375152587891,66.8375152587891,65.7625150680542
2014,5,4,92.3500152587891,67.4250152587891,68.7500152587891
2014,5,5,89.7625152587891,65.2750152587891,65.7500152587891
2014,5,6,91.0208485921224,67.9166819254557,70.3854319254557
2014,6,1,90.3750152587891,67.5000152587891,66.8750152587891
2014,6,2,91.6125152587891,79.9375152587891,81.3875152587891
2014,6,3,89.6000152587891,80.9625152587891,78.2750152587891
2014,6,4,88.4000152587891,74.7625152587891,74.5000152587891
2014,6,5,91.6750152587891,85.3625152587891,86.6875152587891
2014,6,6,88.6625152587891,77.0875152587891,77.8875152587891
2014,7,1,88.5625152587891,75.1750152587891,75.8000152587891
2014,7,2,87.9625152587891,72.2625152587891,75.0375152587891
2014,7,3,89.3625152587891,77.6750152587891,75.6000152587891
2014,7,4,89.5625152587891,84.0125152587891,82.3875152587891
2014,7,5,88.7375152587891,67.4125152587891,68.2625152587891
2014,7,6,90.7604319254557,80.2291819254557,80.9687652587891
2014,8,1,87.7875152587891,71.3500152587891,72.7500152587891
2014,8,2,90.1250152587891,82.9875152587891,84.2375152587891
2014,8,3,90.7750152587891,81.9750152587891,79.2625152587891
2014,8,4,91.0500152587891,73.3250152587891,73.4375152587891
2014,8,5,91.3750152587891,71.0750152587891,71.6625152587891
2014,8,6,90.3437652587891,79.7916819254557,77.9062652587891
2014,9,1,90.0375152587891,70.6750152587891,73.7500152587891
2014,9,2,87.7000152587891,70.3000152587891,73.9625152587891
2014,9,3,88.4875152587891,72.7000152587891,77.9875152587891
2014,9,4,91.8500152587891,83.2875152587891,83.2875152587891
2014,9,5,82.5500152587891,68.5625152587891,60.0125137329102
2014,9,6,87.5000152587891,65.5875152587891,69.0625152587891
2014,10,1,87.5500152587891,69.7250152587891,74.6000148773193
2014,10,2,77.6375152587891,67.3500152587891,61.912513923645
2014,10,3,76.9000152587891,67.3375152587891,68.1500150680542
2014,10,4,80.7625091552734,75.5875091552734,69.6125089645386
2014,10,5,89.975,80.925,81.3375
2014,10,6,90.5416666666667,86.7604166666667,82.9583333333333
2014,11,1,87.0875,83.675,87.35
2014,11,2,94.625,92.9875,88.625
2014,11,3,86.9375,85.275,84.85
2014,11,4,79.1125,79.4,82.25
2014,11,5,83.125,77.9625,79.3625
2014,11,6,87.925,77.025,73.25
2014,12,1,91.525,90.05,91.575
2014,12,2,91.95,90.3,87.2875
2014,12,3,73.6125,72.1625,80.625
2014,12,4,52.4,48.9875,52.6125
2014,12,5,72.9875,77.5375,76.4625
2014,12,6,72.4166666666667,64.7916666666667,51.1979166666667
2015,1,1,71.85,68.4375,64.125
2015,1,2,78.9875,81.375,86.5375
2015,1,3,81.2375,79.1125,49.975
2015,1,4,60.95,59.825,54.5375
2015,1,5,72.525,65.5625,71.0125
2015,1,6,84.1770833333333,79.7604166666667,79.3333333333333
2015,2,1,86.4125,88.075,90.8875
2015,2,2,72.7875,76.35,83.525
2015,2,3,84.4875,82.5625,82.7875
2015,2,4,87.9125,86.1125,78.95
2015,2,5,93.6875,70.85,59.4
2015,2,6,86.3125,75.375,56.8541666666667
2015,3,1,93.55,92.475,76.4
2015,3,2,91.75,88.4125,75.3375
2015,3,3,91.75,87.65,82.425
2015,3,4,78.3375,65.95,53.4625
2015,3,5,85.2125,87.6125,81.2
2015,3,6,87.25,83.4166666666667,81.34375
2015,4,1,73.325,56.975,49.9875
2015,4,2,91.8125,89.0125,82.3875
2015,4,3,65.7875,57.3375,50.7125
2015,4,4,72.4,57.325,54.3875
2015,4,5,85.125,87.55,87.7875
2015,4,6,87.3,77.3375,76.7375
2015,5,1,91.0375,66.95,66.975
2015,5,2,94.275,73.6,72.3625
2015,5,3,91.275,77.1625,78.275
2015,5,4,92.3875,76.1875,76.8
2015,5,5,92.3875,75.4375,77.125
2015,5,6,86.9583333333333,64.9479166666667,65.6458333333333
2015,6,1,90,69.05,69.35
2015,6,2,89.675,70.325,71.0125
2015,6,3,91.875,67.35,69.0375
2015,6,4,89.4375,65.6625,65.05
2015,6,5,92.275,87.8625,86.5875
2015,6,6,86.25,69.575,69.25
2015,7,1,88.4375,71.05,68.6625
2015,7,2,86.95,84.6875,83.55
2015,7,3,87.25,73.5,75.35
2015,7,4,92.1,80.2,80.9875
2015,7,5,89.95,82.2375,82.3
2015,7,6,92.3541666666667,94.8020833333333,93.75
2015,8,1,90.175,77.4625,79.35
2015,8,2,87.1875,62.6125,65.15
2015,8,3,91.4125,68.3875,68.7375
2015,8,4,89.65,67.9625,70.3625
2015,8,5,82.775,66.9875,65.325
2015,8,6,90.90625,80.6770833333333,77.8125
2015,9,1,92.3,83.075,84.3
2015,9,2,90.7125,72.3125,73.7125
2015,9,3,89.575,81.9875,80.5375
2015,9,4,91.1,78.4125,77.1375
2015,9,5,91.075,74.8875,75.9625
2015,9,6,88.875,72.8125,76.2875
2015,10,1,91.85,87.125,87.8875
2015,10,2,92.4,85.15,87.6
2015,10,3,83.925,74.625,83.0875
2015,10,4,75.6375,62.025,41.5625
2015,10,5,72.0875,65.9,66.7
2015,10,6,89.5104166666667,80.0729166666667,72.21875
2015,11,1,84.8625,82.875,80.3125
2015,11,2,91.05,81.8125,82.575
2015,11,3,92.9,84.8375,80
2015,11,4,88.125,69.4375,66.4625
2015,11,5,84.6375,76.35,72.125
2015,11,6,81.5125,78.825,77.8875
2015,12,1,92.0125,89.6125,85.625
2015,12,2,93.05,94.6375,76.7625
2015,12,3,88.9,82.8,85.0375
2015,12,4,65.725,67.6625,72.7
2015,12,5,87.65,85.675,77.4625
2015,12,6,89.6145833333333,93.1145833333333,91.8125
2016,1,1,85.8625,83.2375,72.875
2016,1,2,87.725,81.325,79.3625
2016,1,3,94.05,90.9375,89.3375
2016,1,4,93.0875,84.6,81.6375
2016,1,5,83.75,81.875,76.6625
2016,1,6,94.09375,91.875,85.53125
2016,2,1,87.4625,84.9,79.1375
2016,2,2,52.55,47.925,29.85
2016,2,3,66.7,54.35,56.225
2016,2,4,68.9125,73.0625,78.35
2016,2,5,87.6875,89.775,90.575
2016,2,6,62.3125,57.515625,42.609375
2016,3,1,77.0375,71.775,62.95
2016,3,2,82.7875,76.025,73.2625
2016,3,3,84.2875,85.9875,85.375
2016,3,4,94.3125,77.9,67.7625
2016,3,5,94,85.3125,73.2375
2016,3,6,76.7083333333333,75.6354166666667,69.53125
2016,4,1,83.525,74.1125,63.0375
2016,4,2,83.6375,69.05,61.3625
2016,4,3,82.85,62.8,58.4375
2016,4,4,81.5625,73.1375,67.3
2016,4,5,94.8,76.6375,71.6
2016,4,6,93.2875,77.2625,77.8625
2016,5,1,91.425,68.6625,66.075
2016,5,2,90.9,66.3875,61.3125
2016,5,3,92.4,82.15,77.725
2016,5,4,86.5625,75.7,69.925
2016,5,5,92.8625,82.525,85.925
2016,5,6,93.7604166666667,74.0104166666667,77.34375
2016,6,1,86.3625,62.3125,61.95
2016,6,2,90.65,78.3125,80.225
2016,6,3,85.6,68.5125,66.2
2016,6,4,89.925,71.8,69.6875
2016,6,5,88.375,74.175,72.35
2016,6,6,89.7,78.9875,74.7875
2016,7,1,90.8125,84.1625,85.575
2016,7,2,88.175,71.6125,72.0625
2016,7,3,90.475,75.7875,74.65
2016,7,4,89.0875,71.05,66.2375
2016,7,5,86.8125,65.625,63.0125
2016,7,6,87.9166666666667,71.6875,66.5416666666667
2016,8,1,89.05,72.4125,70.65
2016,8,2,88.8125,67.5125,67.2
2016,8,3,93.475,88.4375,90.7875
2016,8,4,91.4875,87.9,90.6
2016,8,5,89.325,73.275,78.05
2016,8,6,90.46875,77.34375,79.8229166666667
2016,9,1,90.725,77.2875,79.6875
2016,9,2,93.375,78.65,84.2875
2016,9,3,91.6875,75.6875,74.8125
2016,9,4,85.45,71.0875,69.2
2016,9,5,89.7875,80.65,80.7125
2016,9,6,86.0875,75.15,75.1875
2016,10,1,89.4,78.2875,79.4875
2016,10,2,86.125,76.525,75.3875
2016,10,3,85.7125,86.9375,83.9625
2016,10,4,87.7125,89.0125,88.6875
2016,10,5,92.425,79.7875,82.1625
2016,10,6,91.5625,85.125,80.3333333333333
2016,11,1,79.575,80.9875,71.25
2016,11,2,92.1125,89.825,89.7375
2016,11,3,90.2625,86.675,78.875
2016,11,4,87.0875,80.8125,70.4625
2016,11,5,97.625,94.5625,90.05
2016,11,6,78.8625,69.0125,63.8
2016,12,1,74.9875,68.1625,71.525
2016,12,2,62.1625,48.7375,41.45
2016,12,3,82.3,81.65,83.8
2016,12,4,76.225,76.7125,68.6125
2016,12,5,80.7125,82.1625,82.5625
2016,12,6,65.1458333333333,61.6458333333333,64.3645833333333
2017,1,1,80.075,83.4375,76.3
2017,1,2,83.4125,81.9,79.65
2017,1,3,93.575,93.8375,91.3625
2017,1,4,93.3,93.0625,83.6375
2017,1,5,68.1,69.0625,77.3125
2017,1,6,72.75,71.3125,70.3645833333333
2017,2,1,82.775,85.275,74.4875
2017,2,2,80.0625,80.275,80.5125
2017,2,3,62.275,63.025,71.725
2017,2,4,73.625,70.4,66.2
2017,2,5,87.2,84.075,80.5125
2017,2,6,73.9375,81.8125,88.875
2017,3,1,75.0875,67.25,64.9375
2017,3,2,87.2125,89.3625,81.95
2017,3,3,88.875,84.5625,77.9625
2017,3,4,95.0625,90.225,87.975
2017,3,5,92.0375,80.4125,74.6625
2017,3,6,87.8020833333333,87.5208333333333,85.9270833333333
2017,4,1,73.5125,75.775,61.1375
2017,4,2,78.6875,67.575,65.65
2017,4,3,82.125,83.8125,82.6625
2017,4,4,80.2875,69.4125,69.8625
2017,4,5,88.7125,83.75,82.45
2017,4,6,82.925,80.4125,81.7625
2017,5,1,87.325,72.675,73.55
2017,5,2,92.05,70.075,75.1125
2017,5,3,91.4625,73.15,77.925
2017,5,4,90.6875,85.2625,79.175
2017,5,5,93.2375,79.8375,82.2875
2017,5,6,82.1041666666667,76.2395833333333,71.8020833333333
2017,6,1,79.5375,65.0375,60.6375
2017,6,2,91.4625,79.5625,80.4
2017,6,3,91.7875,75.8375,76.425
2017,6,4,91.325,84.8375,83
2017,6,5,88.5375,75.15,73.425
2017,6,6,91.95,74.7375,71.2
2017,7,1,90.8625,80.8375,82.5375
2017,7,2,91.8125,81.25,81.5875
2017,7,3,89.9375,81.5,80.6625
2017,7,4,93.3875,90.475,87
2017,7,5,91.7625,78.65,78.475
2017,7,6,88.9479166666667,67.3229166666667,67.7291666666667
2017,8,1,92.1375,82.9375,84.4625
2017,8,2,88.15,72.5375,71.875
2017,8,3,89.85,69.9875,68.325
2017,8,4,88.1625,72.2375,70.325
2017,8,5,88.6875,69.4,65.425
2017,8,6,91.5104166666667,76.7291666666667,77.9479166666667
2017,9,1,89.9625,68.75,74
2017,9,2,92.05,73.25,75.8375
2017,9,3,90.0875,76.975,78.4625
2017,9,4,90.0125,69.7375,72.8
2017,9,5,91.1875,78.575,79.575
2017,9,6,90.375,75.6375,76.1375
2017,10,1,90.85,75.1375,75.6375
2017,10,2,91.4375,81.3625,76.6125
2017,10,3,88.225,84.425,76.35
2017,10,4,93.6125,93.05,91.4375
2017,10,5,82,76.1,69.1125
2017,10,6,75.7604166666667,66.8229166666667,62.3958333333333
2017,11,1,65.575,56.5,44.1125
2017,11,2,86.4875,86.875,91.7
2017,11,3,91.2125,90.6,88.6625
2017,11,4,94.95,93.45,91.9375
2017,11,5,92.425,88.2,92.975
2017,11,6,87.65,88.3875,87.6125
2017,12,1,79.9875,83.1875,82.0125
2017,12,2,74.125,74.6125,83.1125
2017,12,3,88.15,87.4875,89.725
2017,12,4,56.3875,47.4875,37.7
2017,12,5,61.2625,61.35,66.8875
2017,12,6,78.4375,82.8125,88.8333333333333
2018,1,1,87.0875,90.8875,87.5125
2018,1,2,88.275,79.425,79.225
2018,1,3,62.575,61.475,55.825
2018,1,4,79.25,81.8625,82.575
2018,1,5,85.5875,83.9375,84.4375
2018,1,6,90.15625,87.96875,86.3020833333333
2018,2,1,50.9,49.05,64.775
2018,2,2,60.975,54.6125,65.175
2018,2,3,72.0125,67.5875,70.3375
2018,2,4,84.0125,75.0875,63.4
2018,2,5,93.6875,94.9125,85.2125
2018,2,6,89.0416666666667,90.2291666666667,74.3541666666667
2018,3,1,84.4375,71.7875,62.15
2018,3,2,77.7,74.55,48.7875
2018,3,3,85.8375,81.1375,70.6625
2018,3,4,86.9375,74.4125,62.325
2018,3,5,70.475,71.875,50.25
2018,3,6,77.2604166666667,73.8020833333333,81.9895833333333
2018,4,1,73.7125,64.6375,61.95
2018,4,2,69.1625,71.0125,61.8625
2018,4,3,82.0625,75.35,70.025
2018,4,4,81.6,81.3375,79.175
2018,4,5,88.25,75.4125,76.825
2018,4,6,94.375,82.6875,86.15
2018,5,1,92.2125,76.4125,79.925
2018,5,2,91.1,74.45,75.975
2018,5,3,92.65,70.4625,70.65
2018,5,4,89.55,62.625,61.7375
2018,5,5,88.525,64.225,64.3375
2018,5,6,90.0104166666667,67.125,70.1666666666667
2018,6,1,91.7625,75.725,75.5375
2018,6,2,90.1125,80.25,79.575
2018,6,3,87.2125,77.65,79.15
2018,6,4,89.825,81.7,81.1625
2018,6,5,88.3375,76.15,73.7125
2018,6,6,88.125,73.075,71.375
2018,7,1,84.6625,72.5125,70.9875
2018,7,2,91.2125,76.8125,74.8875
2018,7,3,91.0625,85.65,83.2125
2018,7,4,91.5,89.7375,90.1
2018,7,5,95.25,91.2375,91.525
2018,7,6,93.90625,94.15625,96.03125
2018,8,1,92.2,76.95,82.6125
2018,8,2,91.4375,74.4375,76.05
2018,8,3,91.55,75.025,76.675
2018,8,4,93.525,85.75,88.4625
2018,8,5,92.375,76.6,77.675
2018,8,6,93.46875,88.1770833333333,89.8229166666667
2018,9,1,91.4125,73.675,76.4875
2018,9,2,90.4125,81.7125,84.625
2018,9,3,89.775,78.075,79.1375
2018,9,4,88.1625,79.725,77.575
2018,9,5,88.25,68.5,70.0875
2018,9,6,90.65,81.6375,82.75
2018,10,1,79.3375,63.5875,54.1375
2018,10,2,81.85,74.9875,64.3
2018,10,3,89.1375,81.8,84.1125
2018,10,4,94.775,93.55,87.375
2018,10,5,93.6,85.9125,79.8875
2018,10,6,73.6041666666667,55.4583333333333,52.6041666666667
2018,11,1,70.575,67.2,62.0125
2018,11,2,83.3875,80.2,76.1125
2018,11,3,88.3625,79.4375,69.925
2018,11,4,95.85,86.7625,78.9125
2018,11,5,81.0625,75.8125,74.05
2018,11,6,78.0875,81.0625,77.1125
2018,12,1,85.575,74.7375,67.625
2018,12,2,88.8625,90.35,79.1125
2018,12,3,87.05,91.7375,90.3625
2018,12,4,76.35,75.9,75.5125
2018,12,5,85.2375,84.65,83.1
2018,12,6,80.1145833333333,83.2291666666667,82.0208333333333
2019,1,1,90.6625,95.5,92.3375
2019,1,2,96.475,95.475,87.1375
2019,1,3,86.7375,83.7125,76.1375
2019,1,4,82.575,86.2625,82.6125
2019,1,5,67.2,70.875,83.525
2019,1,6,74.3020833333333,69.6041666666667,75.0833333333333
2019,2,1,81.1875,77.3125,70.5875
2019,2,2,81.475,70,57.325
2019,2,3,84.55,84.75,60.5625
2019,2,4,90,71.9625,68.125
2019,2,5,96.7375,91.825,85.375
2019,2,6,94.6041666666667,83.9166666666667,64.6666666666667
2019,3,1,92.25,77.9125,69.5625
2019,3,2,96.8375,92.1875,87.325
2019,3,3,86.5,84.95,79.5125
2019,3,4,85.9,79.0625,68.425
2019,3,5,89.325,83.3125,75.4875
2019,3,6,89.15625,79.7916666666667,69.3645833333333
2019,4,1,93.4125,85.1,77.9625
2019,4,2,88.2375,66.2375,58.125
2019,4,3,93.5,81.75,75.6875
2019,4,4,88.35,70.9,63.1875
2019,4,5,85.975,61.3125,54.3625
2019,4,6,90.875,71.4625,63.375
2019,5,1,92.75,84.975,82.1375
2019,5,2,96.9125,92.95,88
2019,5,3,91.675,79.0625,74.425
2019,5,4,86.35,64.9375,59.825
2019,5,5,92.025,82.1,79.65
2019,5,6,93.6354166666667,80.0833333333333,77.7708333333333
2019,6,1,90.65,74.2875,72.8375
2019,6,2,89.775,68.5375,65.6875
2019,6,3,89.1375,72.1875,73.8625
2019,6,4,90.675,77.5375,78.85
2019,6,5,90.025,68.7,66.55
2019,6,6,87.6625,72.8875,70.4
2019,7,1,90.3875,85.575,84.0625
2019,7,2,89.95,76.8125,76.6375
2019,7,3,90.725,71.6,72.6875
2019,7,4,89.675,64.3375,64.8625
2019,7,5,87.5875,77.4125,75.1125
2019,7,6,88.0625,77.5416666666667,75.3229166666667
2019,8,1,93.0375,91.25,94.1125
2019,8,2,89.3375,68.8125,70.9125
2019,8,3,88.8125,65.8,64.3125
2019,8,4,89.6,79.475,79.675
2019,8,5,89.1625,75.6125,78.5
2019,8,6,91.875,82.8958333333333,81.78125
2019,9,1,90.825,89.675,87.225
2019,9,2,90.575,71.475,72.85
2019,9,3,88.5,71.35,74.6875
2019,9,4,88.625,71.375,71.3
2019,9,5,75.475,61.2125,54.5125
2019,9,6,65.2,56.0875,55.075
2019,10,1,82.1375,64.35,61.8125
2019,10,2,88.9,77.0125,71.1375
2019,10,3,89.2375,78.3125,74.4375
2019,10,4,83.9375,82.0875,81.875
2019,10,5,86.95,80.4875,79.6875
2019,10,6,80.0416666666667,77.1354166666667,71.2395833333333
2019,11,1,74.5375,69.75,67.475
2019,11,2,67.4375,59.5625,52.8125
2019,11,3,79.8375,79.4125,76.475
2019,11,4,80.1375,78.35,77.2875
2019,11,5,69.9,68.775,59.9375
2019,11,6,79.2125,82.675,87.5
2019,12,1,57.55,48.8375,41.7
2019,12,2,47.0375,41.025,25.5125
2019,12,3,67.35,65.1375,67.375
2019,12,4,81.7875,83.3375,76.3625
2019,12,5,83.5625,81.675,77.9
2019,12,6,75.2916666666667,80.9166666666667,82.3854166666667
2020,1,1,78.325,81.2375,66.525
2020,1,2,77.9875,79.325,76.375
2020,1,3,82.625,83.3625,81.3875
2020,1,4,87.5375,89.5125,86.425
2020,1,5,89.6125,86.425,65.625
2020,1,6,67.7604166666667,61.9166666666667,63.3125
2020,2,1,84.525,85.7625,74.3875
2020,2,2,85.1625,90.525,76.6125
2020,2,3,89.175,78.8375,76.2625
2020,2,4,68.9,66.325,64.3625
2020,2,5,73.425,73.55,62.9125
2020,2,6,77.71875,76.59375,72.359375
2020,3,1,88.225,85.95,81.8625
2020,3,2,73.9875,65.05,61.6125
2020,3,3,83.25,83.5,81.275
2020,3,4,91.7,90.075,85.575
2020,3,5,84.0375,68.875,67.375
2020,3,6,89.0729166666667,82.5208333333333,76.8854166666667
2020,4,1,95.475,94.7,87.375
2020,4,2,88.1625,91.6375,91.325
2020,4,3,71.9375,66.1625,59.5125
2020,4,4,86.5,78.825,72.7
2020,4,5,91.5125,89.7375,86.4625
2020,4,6,70.25,68.975,70.1
2020,5,1,81.125,71.05,69.1375
2020,5,2,79.1625,63.0875,57.5625
2020,5,3,87.7625,71.5375,68.925
2020,5,4,91.7125,70.075,71.7625
2020,5,5,88.525,73.2375,73.4375
2020,5,6,90.53125,72.96875,74.3229166666667
2020,6,1,89.0125,70.425,68.75
2020,6,2,87.6625,66.4875,66.0375
2020,6,3,90.6125,72.6375,72.8625
2020,6,4,88.75,79.55,77.65
2020,6,5,88.375,67.125,67.3125
2020,6,6,87.8125,68.7375,66.85
2020,7,1,90.7625,77.05,77.2625
2020,7,2,86.8125,68.125,65.3875
2020,7,3,87.075,66.775,66.0375
2020,7,4,87.6,67.9625,64.325
2020,7,5,88.85,71.4625,70.075
2020,7,6,88.46875,73.7604166666667,73.0208333333333
2020,8,1,92.1375,91.3,90.925
2020,8,2,90.3875,76.0375,76.1
2020,8,3,90.2625,78.3,76.975
2020,8,4,91.275,81.9875,83.0375
2020,8,5,90.45,76.125,76.7375
2020,8,6,86.6979166666667,64.1458333333333,61.2916666666667
2020,9,1,85.2125,69.2125,66.8125
2020,9,2,91.9,73.1625,74.55
2020,9,3,90.525,76.875,78.4625
2020,9,4,93.8875,86.9875,84.5
2020,9,5,93.425,82.3375,81.55
2020,9,6,93.325,82.425,79.9125
2020,10,1,92.975,83.7375,81.2375
2020,10,2,88.25,92.0375,83.2125
2020,10,3,90.2625,89.2375,88.875
2020,10,4,85,85.725,87.675
2020,10,5,72.375,69.8125,73.1625
2020,10,6,85.09375,86.3229166666667,87.8020833333333
2020,11,1,78.725,80.425,82.9625
2020,11,2,66.025,61.25,69
2020,11,3,71.1375,69.4625,66.7375
2020,11,4,88.05,83.9,70.5
2020,11,5,88.1,87.1625,73.1625
2020,11,6,76.0125,77.075,67.7
2020,12,1,72.6625,78.65,69.5625
2020,12,2,73.525,75.025,75.7625
2020,12,3,86.825,90.6625,89.7625
2020,12,4,74.0625,83.1375,88.65
2020,12,5,72.7,75.025,83.8875
2020,12,6,71.71875,72.8125,73.0625
2021,1,1,56.475,60.3875,73.6125
2021,1,2,63.7375,75.4375,92.025
2021,1,3,52.3375,54.625,41.925
2021,1,4,63.6625,68.0625,65.2625
2021,1,5,78.825,80.2625,69.1125
2021,1,6,75.4166666666667,77.3958333333333,74.2916666666667
2021,2,1,73.0125,71.675,61.625
2021,2,2,79.7625,79.425,79.1625
2021,2,3,71.9375,72.8375,73.0375
2021,2,4,64.4,62.6625,77.4125
2021,2,5,75.7875,66,62.725
2021,2,6,92.875,89.1041666666667,79.4375
2021,3,1,88.8375,86.9875,82.2125
2021,3,2,91.7125,85.0125,77.0875
2021,3,3,90.3625,82.5125,69.9625
2021,3,4,83.975,72.65,63.0875
2021,3,5,80.2125,89.475,93.5125
2021,3,6,80.53125,72.0416666666667,63.78125
2021,4,1,83.5625,76.4625,70.875
2021,4,2,90.3,87.7875,88.05
2021,4,3,83.1125,82.975,73.15
2021,4,4,94.5875,90.05,84.625
2021,4,5,89.775,78.0125,77.675
2021,4,6,89.625,86.8,80.4875
2021,5,1,91.2125,76.275,75.575
2021,5,2,85.6125,62.3625,57.8
2021,5,3,90.9875,67.025,64.675
2021,5,4,91.4875,70.0625,65.0375
2021,5,5,92.8375,76.7875,71.45
2021,5,6,89.5520833333333,71.5520833333333,69.1041666666667
2021,6,1,88.8375,69.8125,67.7375
2021,6,2,88.1625,75.6625,75.7125
2021,6,3,90.9625,88.625,86.525
2021,6,4,85.95,69.45,66.6375
2021,6,5,90.4,70.2,68.7125
2021,6,6,86.825,72.6625,71.0875
2021,7,1,87.0375,66.6625,67.325
2021,7,2,89.575,79.225,73.9125
2021,7,3,87.5625,71.4125,70.1125
2021,7,4,88.025,70.3375,70.175
2021,7,5,91.9875,84.4,84.225
2021,7,6,89.3958333333333,75.8958333333333,76.8229166666667
2021,8,1,89.2875,72.1375,72.8625
2021,8,2,90.775,71.35,72.6625
2021,8,3,91.7375,76.925,76.4875
2021,8,4,89.2625,69.5125,71.0875
2021,8,5,88.7375,71.6,69.55
2021,8,6,89.71875,75.0416666666667,76.53125
2021,9,1,89.375,79.7875,83.6875
2021,9,2,88.3125,74.1,75.6125
2021,9,3,88.65,74.5,73.925
2021,9,4,90.425,71.0375,72.925
2021,9,5,90.2375,75.975,73.8
2021,9,6,86.8,66.55,65.4375
2021,10,1,86.325,69.2375,63.7
2021,10,2,90.1,88.5625,86.6375
2021,10,3,91.35,93.0375,89.7875
2021,10,4,91.475,91.7,85.775
2021,10,5,85.675,82.3125,79.6625
2021,10,6,89.8854166666667,91.5,88.4895833333333
2021,11,1,91.5875,89.7,81.475
2021,11,2,75.8375,65.375,65.2375
2021,11,3,69.9,62.8375,75.7
2021,11,4,83.6375,85.1375,85.175
2021,11,5,77.8875,73.325,80.125
2021,11,6,65.425,59.125,62.2125
2021,12,1,54.15,44.4875,24.6125
2021,12,2,66.075,66.1,58.95
2021,12,3,77.025,80.7625,78.2
2021,12,4,70.6875,75.2375,86.15
2021,12,5,79.8125,80.775,76.95
2021,12,6,84.1458333333333,93.7291666666667,90.03125
2022,1,1,80.95,83.6375,81.3875
2022,1,2,85.7625,88.3125,90
2022,1,3,85.9,89.425,89.7375
2022,1,4,85.1,87.3375,74.0375
2022,1,5,89.6625,84.1125,81.1
2022,1,6,87.4583333333333,89.5729166666667,86.53125
2022,2,1,90.3,87.5375,87.6125
2022,2,2,93.8125,93.35,87.95
2022,2,3,90.6625,94.1875,84.9375
2022,2,4,96.025,95.35,95.2875
2022,2,5,87.1625,87.9875,78.4375
2022,2,6,76.5416666666667,73.4791666666667,56.6458333333333
2022,3,1,83.9625,83.375,59.7625
2022,3,2,74.725,75,51.375
2022,3,3,80.5,78.475,80.1375
2022,3,4,88.1,80.4,76.25
2022,3,5,95.3875,86.1375,81.4
2022,3,6,88.7291666666667,86.3125,82.3958333333333
2022,4,1,68.85,71.4375,70.8875
2022,4,2,58.875,50.225,59.025
2022,4,3,76.625,68.5,70.175
2022,4,4,88.375,90.275,84.5875
2022,4,5,85.9,72.3125,72.45
2022,4,6,84.4375,70.625,68.4
2022,5,1,74.925,74.25,66.55
2022,5,2,91.875,83.7625,85.2375
2022,5,3,96.0875,86.7625,87.7125
2022,5,4,85.4625,86.2125,86.6125
2022,5,5,94.625,88.8125,88.775
2022,5,6,93.7083333333333,77.1354166666667,80.4375
2022,6,1,89.475,71.5375,69.7375
2022,6,2,90.6875,77.8,81.125
2022,6,3,92.425,74.425,77.9875
2022,6,4,86.7875,69.8375,69.3875
2022,6,5,88.825,71.525,69.75
2022,6,6,89.9625,72.375,73.7875
2022,7,1,90.9875,80.15,81.375
2022,7,2,92.3875,78.6,81.95
2022,7,3,87.5125,78.45,74.0625
2022,7,4,89,73.625,72.375
2022,7,5,87.1375,69.3,66.375
2022,7,6,86.0625,65.03125,53.0208333333333
2022,8,1,87.85,70.875,69.3625
2022,8,2,89.4625,81.875,78.7
2022,8,3,91.1,82.6,82.0125
2022,8,4,87.9375,78.8625,81.1875
2022,8,5,88.9875,78.0125,78.0125
2022,8,6,87.34375,69.1041666666667,68.3125
2022,9,1,84.425,69.3875,69.0375
2022,9,2,86.0375,73.2125,72.3875
2022,9,3,85.4,61.5875,63.225
2022,9,4,84.1,60.6375,63.25
2022,9,5,87.8875,77.5875,73.5625
2022,9,6,87.925,82.9375,77.575
2022,10,1,89.325,76.075,72.0375
2022,10,2,86.675,78.05,71.7
2022,10,3,71.1375,52.9875,45.5625
2022,10,4,67.85,65.4,69.2625
2022,10,5,75.825,68.6625,70.2
2022,10,6,73.4479166666667,71.7395833333333,65.8854166666667
2022,11,1,72.575,74.35,77.7375
2022,11,2,79.625,80.4375,78.975
2022,11,3,85.1875,83.4,80.8875
2022,11,4,87.7125,84.675,81.475
2022,11,5,95.5,95.9,93.8125
2022,11,6,94.8625,82.75,81.0125
2022,12,1,88.275,92.0375,87.5375
2022,12,2,80.8625,82.45,86.225
2022,12,3,62.6625,59.9375,62.4
2022,12,4,58.5375,61.65,57.625
2022,12,5,54.7,47.95,38.1
2022,12,6,67.7395833333333,72.1770833333333,73.6875
2023,1,1,79.6625,88.9625,90.975
2023,1,2,80.3625,84.45,82.6875
2023,1,3,85.025,81.3,75.6375
2023,1,4,68.55,75.9375,84.45
2023,1,5,74.4625,82.2625,76.0375
2023,1,6,58.2291666666667,59,59.2395833333333
2023,2,1,88.6,89.75,88.15
2023,2,2,92.25,90.55,78.3375
2023,2,3,77.6375,75.25,70.8125
2023,2,4,70.0875,75.0875,77.7125
2023,2,5,65.2375,69.05,76.975
2023,2,6,63.25,68.6041666666667,55.7916666666667
2023,3,1,66.9,71.425,77.5125
2023,3,2,69.05,70.6125,74.025
2023,3,3,68.475,74.2125,79.6625
2023,3,4,79.075,73.85,64.925
2023,3,5,74.3875,61.4625,58.8875
2023,3,6,95.15625,95.3854166666667,89.5833333333333
2023,4,1,85.825,71.7125,64.55
2023,4,2,84.65,86.2875,83.9625
2023,4,3,83.55,83.55,80.85
2023,4,4,80.1,71.7625,64.125
2023,4,5,88.475,72.7125,66.95
2023,4,6,80.575,78.8,77.0375
2023,5,1,76.0125,66.7,65.9
2023,5,2,88.3125,81.725,79.75
2023,5,3,95.0375,92.8875,91.15
2023,5,4,81.8375,59.7,59.8375
2023,5,5,91.025,66.7875,67.2875
2023,5,6,86.4166666666667,68.5416666666667,65.0520833333333
2023,6,1,87.1125,66.0875,65.225
2023,6,2,89.6875,84.225,83.4625
2023,6,3,88.4625,77.7625,77.775
2023,6,4,88.925,75.2875,73.125
2023,6,5,90.75,75.0625,76.675
2023,6,6,90.0125,77.5875,75.3125
2023,7,1,88.3,76.8125,71.6
2023,7,2,87.2625,67.9875,66.275
2023,7,3,86.625,68.5375,69.1
2023,7,4,89.8625,85.6,85.6375
2023,7,5,86.375,70.1375,69.2375
2023,7,6,87.8333333333333,73.53125,73.1875
2023,8,1,90.55,90.3,92.0125
2023,8,2,88.45,87.2625,91.5625
2023,8,3,89.55,80.4125,81.7875
2023,8,4,90.5125,69.0625,74.9
2023,8,5,89.15,73.1,75.925
2023,8,6,88.8645833333333,83.9791666666667,85.9479166666667
2023,9,1,88.075,85.0375,87.1375
2023,9,2,91.8375,85.3875,87.4625
2023,9,3,93.8625,93.4375,92.9
2023,9,4,91.6875,80.9375,84.35
2023,9,5,87.925,71.95,71.6375
2023,9,6,88.7,76.25,77.45
2023,10,1,87.525,73.025,74.7375
2023,10,2,87.525,86.8875,88.3625
2023,10,3,88.75,86.4625,84.0125
2023,10,4,87.9125,90.7375,89.75
2023,10,5,90.425,89.4875,87.8625
2023,10,6,90.2916666666667,85.4479166666667,84.0729166666667
2023,11,1,84.5875,78.85,75.5625
2023,11,2,90.3875,84.6875,81.975
2023,11,3,89.45,90.7875,89.3125
2023,11,4,62.8875,55.05,22.225
2023,11,5,74.525,77.225,72.725
2023,11,6,78.6375,79.4875,78.9125
2023,12,1,82.75,88.8875,90.5
2023,12,2,77.675,75.075,61.5
2023,12,3,87.5125,87.0125,80.425
2023,12,4,88.85,91.2625,87.575
2023,12,5,60.6375,61.675,65.3625
2023,12,6,74.0416666666667,77.7395833333333,77.5
